time_utc,source,price_usdt,below_floor,event,detail
2026-09-30 07:19:01.097Z,Testnet trade,83000.02000000,false,ABOVE,aggregate trade ID 2008341
2026-09-30 07:19:02.011Z,Testnet trade,83000.02000000,false,ABOVE,aggregate trade ID 2008342
2026-09-30 07:19:02.096Z,Testnet trade,83000.02000000,false,ABOVE,aggregate trade ID 2008343
2026-09-30 07:19:04.570Z,Testnet trade,83000.01000000,false,ABOVE,aggregate trade ID 2008344
2026-09-30 07:19:05.280Z,Testnet trade,83000.01000000,false,ABOVE,aggregate trade ID 2008345
2026-09-30 07:19:05.534Z,Testnet trade,83000.02000000,false,ABOVE,aggregate trade ID 2008346
2026-09-30 07:19:05.536Z,Testnet trade,83000.01000000,false,ABOVE,aggregate trade ID 2008347
2026-09-30 07:19:07.446Z,Testnet trade,83000.02000000,false,ABOVE,aggregate trade ID 2008348
2026-09-30 07:19:11.096Z,Testnet trade,83000.02000000,false,ABOVE,aggregate trade ID 2008349
2026-09-30 07:19:11.697Z,Testnet trade,83000.02000000,false,ABOVE,aggregate trade ID 2008350
2026-09-30 07:19:12.096Z,Testnet trade,83000.02000000,false,ABOVE,aggregate trade ID 2008351
2026-09-30 07:19:15.863Z,Testnet trade,83000.01000000,false,ABOVE,aggregate trade ID 2008352
2026-09-30 07:19:18.500Z,Testnet trade,83000.01000000,false,ABOVE,aggregate trade ID 2008353
2026-09-30 07:19:22.097Z,Testnet trade,83000.01000000,false,ABOVE,aggregate trade ID 2008354
2026-09-30 07:19:26.457Z,Testnet trade,82998.03000000,false,ABOVE,aggregate trade ID 2008355
2026-09-30 07:19:27.156Z,Testnet trade,82998.03000000,false,ABOVE,aggregate trade ID 2008356
2026-09-30 07:19:27.156Z,Testnet trade,82992.33000000,false,ABOVE,aggregate trade ID 2008357
2026-09-30 07:19:27.156Z,Testnet trade,82948.64000000,false,ABOVE,aggregate trade ID 2008358
2026-09-30 07:19:31.046Z,Testnet trade,82999.88000000,false,ABOVE,aggregate trade ID 2008359
2026-09-30 07:19:31.096Z,Testnet trade,82999.88000000,false,ABOVE,aggregate trade ID 2008360
2026-09-30 07:19:32.096Z,Testnet trade,83000.02000000,false,ABOVE,aggregate trade ID 2008361
2026-09-30 07:19:33.264Z,Testnet trade,82957.45000000,false,ABOVE,aggregate trade ID 2008362
2026-09-30 07:19:33.264Z,Testnet trade,82949.20000000,false,ABOVE,aggregate trade ID 2008363
2026-09-30 07:19:35.768Z,Testnet trade,82975.13000000,false,ABOVE,aggregate trade ID 2008364
2026-09-30 07:19:37.335Z,Testnet trade,82973.29000000,false,ABOVE,aggregate trade ID 2008365
2026-09-30 07:19:37.342Z,Testnet trade,83000.02000000,false,ABOVE,aggregate trade ID 2008366
2026-09-30 07:19:38.421Z,Testnet trade,82973.29000000,false,ABOVE,aggregate trade ID 2008367
2026-09-30 07:19:38.421Z,Testnet trade,82948.64000000,false,ABOVE,aggregate trade ID 2008368
2026-09-30 07:19:38.428Z,Testnet trade,82948.64000000,false,ABOVE,aggregate trade ID 2008369
2026-09-30 07:19:40.009Z,Testnet trade,83000.02000000,false,ABOVE,aggregate trade ID 2008370
2026-09-30 07:19:40.149Z,Testnet trade,82981.10000000,false,ABOVE,aggregate trade ID 2008371
2026-09-30 07:19:40.622Z,Testnet trade,82981.10000000,false,ABOVE,aggregate trade ID 2008372
2026-09-30 07:19:42.097Z,Testnet trade,83000.02000000,false,ABOVE,aggregate trade ID 2008373
2026-09-30 07:19:43.096Z,Testnet trade,83000.02000000,false,ABOVE,aggregate trade ID 2008374
2026-09-30 07:19:43.712Z,Testnet trade,82948.64000000,false,ABOVE,aggregate trade ID 2008375
2026-09-30 07:19:45.981Z,Testnet trade,82948.64000000,false,ABOVE,aggregate trade ID 2008376
2026-09-30 07:19:46.268Z,Testnet trade,82974.85000000,false,ABOVE,aggregate trade ID 2008377
2026-09-30 07:19:46.729Z,Testnet trade,82973.01000000,false,ABOVE,aggregate trade ID 2008378
2026-09-30 07:19:46.729Z,Testnet trade,82948.64000000,false,ABOVE,aggregate trade ID 2008379
2026-09-30 07:19:46.729Z,Testnet trade,82938.30000000,false,ABOVE,aggregate trade ID 2008380
2026-09-30 07:19:46.729Z,Testnet trade,82937.24000000,false,ABOVE,aggregate trade ID 2008381
2026-09-30 07:19:46.729Z,Testnet trade,82934.14000000,false,ABOVE,aggregate trade ID 2008382
2026-09-30 07:19:46.729Z,Testnet trade,82930.66000000,false,ABOVE,aggregate trade ID 2008383
2026-09-30 07:19:46.729Z,Testnet trade,82927.42000000,false,ABOVE,aggregate trade ID 2008384
2026-09-30 07:19:46.729Z,Testnet trade,82917.02000000,false,ABOVE,aggregate trade ID 2008385
2026-09-30 07:19:46.729Z,Testnet trade,82916.42000000,false,ABOVE,aggregate trade ID 2008386
2026-09-30 07:19:46.729Z,Testnet trade,82907.23000000,false,ABOVE,aggregate trade ID 2008387
2026-09-30 07:19:46.729Z,Testnet trade,82901.73000000,false,ABOVE,aggregate trade ID 2008388
2026-09-30 07:19:46.729Z,Testnet trade,82886.80000000,false,ABOVE,aggregate trade ID 2008389
2026-09-30 07:19:46.729Z,Testnet trade,82883.75000000,false,ABOVE,aggregate trade ID 2008390
2026-09-30 07:19:46.729Z,Testnet trade,82871.80000000,false,ABOVE,aggregate trade ID 2008391
2026-09-30 07:19:46.729Z,Testnet trade,82860.41000000,false,ABOVE,aggregate trade ID 2008392
2026-09-30 07:19:46.729Z,Testnet trade,82854.82000000,false,ABOVE,aggregate trade ID 2008393
2026-09-30 07:19:46.729Z,Testnet trade,82849.89000000,false,ABOVE,aggregate trade ID 2008394
2026-09-30 07:19:46.729Z,Testnet trade,82849.56000000,false,ABOVE,aggregate trade ID 2008395
2026-09-30 07:19:46.729Z,Testnet trade,82849.26000000,false,ABOVE,aggregate trade ID 2008396
2026-09-30 07:19:46.729Z,Testnet trade,82842.00000000,false,ABOVE,aggregate trade ID 2008397
2026-09-30 07:19:46.729Z,Testnet trade,82832.25000000,false,ABOVE,aggregate trade ID 2008398
2026-09-30 07:19:46.729Z,Testnet trade,82820.07000000,false,ABOVE,aggregate trade ID 2008399
2026-09-30 07:19:46.729Z,Testnet trade,82804.50000000,false,ABOVE,aggregate trade ID 2008400
2026-09-30 07:19:46.729Z,Testnet trade,82801.66000000,false,ABOVE,aggregate trade ID 2008401
2026-09-30 07:19:46.729Z,Testnet trade,82800.00000000,false,ABOVE,aggregate trade ID 2008402
2026-09-30 07:19:46.729Z,Testnet trade,82793.47000000,false,ABOVE,aggregate trade ID 2008403
2026-09-30 07:19:46.729Z,Testnet trade,82781.23000000,false,ABOVE,aggregate trade ID 2008404
2026-09-30 07:19:46.729Z,Testnet trade,82779.47000000,false,ABOVE,aggregate trade ID 2008405
2026-09-30 07:19:46.729Z,Testnet trade,82769.93000000,false,ABOVE,aggregate trade ID 2008406
2026-09-30 07:19:46.729Z,Testnet trade,82758.62000000,false,ABOVE,aggregate trade ID 2008407
2026-09-30 07:19:46.729Z,Testnet trade,82745.57000000,false,ABOVE,aggregate trade ID 2008408
2026-09-30 07:19:46.729Z,Testnet trade,82741.27000000,false,ABOVE,aggregate trade ID 2008409
2026-09-30 07:19:46.729Z,Testnet trade,82726.90000000,false,ABOVE,aggregate trade ID 2008410
2026-09-30 07:19:46.729Z,Testnet trade,82722.82000000,false,ABOVE,aggregate trade ID 2008411
2026-09-30 07:19:46.729Z,Testnet trade,82719.36000000,false,ABOVE,aggregate trade ID 2008412
2026-09-30 07:19:46.729Z,Testnet trade,82697.97000000,false,ABOVE,aggregate trade ID 2008413
2026-09-30 07:19:46.729Z,Testnet trade,82685.80000000,false,ABOVE,aggregate trade ID 2008414
2026-09-30 07:19:46.729Z,Testnet trade,82661.85000000,false,ABOVE,aggregate trade ID 2008415
2026-09-30 07:19:46.729Z,Testnet trade,82648.16000000,false,ABOVE,aggregate trade ID 2008416
2026-09-30 07:19:46.729Z,Testnet trade,82630.94000000,false,ABOVE,aggregate trade ID 2008417
2026-09-30 07:19:46.729Z,Testnet trade,82630.24000000,false,ABOVE,aggregate trade ID 2008418
2026-09-30 07:19:46.729Z,Testnet trade,82602.29000000,false,ABOVE,aggregate trade ID 2008419
2026-09-30 07:19:46.729Z,Testnet trade,82601.56000000,false,ABOVE,aggregate trade ID 2008420
2026-09-30 07:19:46.729Z,Testnet trade,82599.60000000,false,ABOVE,aggregate trade ID 2008421
2026-09-30 07:19:46.729Z,Testnet trade,82578.49000000,false,ABOVE,aggregate trade ID 2008422
2026-09-30 07:19:46.729Z,Testnet trade,82570.21000000,false,ABOVE,aggregate trade ID 2008423
2026-09-30 07:19:46.729Z,Testnet trade,82556.37000000,false,ABOVE,aggregate trade ID 2008424
2026-09-30 07:19:46.729Z,Testnet trade,82550.90000000,false,ABOVE,aggregate trade ID 2008425
2026-09-30 07:19:46.729Z,Testnet trade,82549.81000000,false,ABOVE,aggregate trade ID 2008426
2026-09-30 07:19:46.729Z,Testnet trade,82534.42000000,false,ABOVE,aggregate trade ID 2008427
2026-09-30 07:19:46.729Z,Testnet trade,82522.27000000,false,ABOVE,aggregate trade ID 2008428
2026-09-30 07:19:46.729Z,Testnet trade,82516.50000000,false,ABOVE,aggregate trade ID 2008429
2026-09-30 07:19:46.729Z,Testnet trade,82514.97000000,false,ABOVE,aggregate trade ID 2008430
2026-09-30 07:19:46.729Z,Testnet trade,82512.48000000,false,ABOVE,aggregate trade ID 2008431
2026-09-30 07:19:46.729Z,Testnet trade,82510.64000000,false,ABOVE,aggregate trade ID 2008432
2026-09-30 07:19:46.729Z,Testnet trade,82499.93000000,false,ABOVE,aggregate trade ID 2008433
2026-09-30 07:19:46.729Z,Testnet trade,82495.37000000,false,ABOVE,aggregate trade ID 2008434
2026-09-30 07:19:46.729Z,Testnet trade,82474.06000000,false,ABOVE,aggregate trade ID 2008435
2026-09-30 07:19:46.729Z,Testnet trade,82467.20000000,false,ABOVE,aggregate trade ID 2008436
2026-09-30 07:19:46.729Z,Testnet trade,82459.07000000,false,ABOVE,aggregate trade ID 2008437
2026-09-30 07:19:46.729Z,Testnet trade,82456.43000000,false,ABOVE,aggregate trade ID 2008438
2026-09-30 07:19:46.729Z,Testnet trade,82444.44000000,false,ABOVE,aggregate trade ID 2008439
2026-09-30 07:19:46.729Z,Testnet trade,82429.43000000,false,ABOVE,aggregate trade ID 2008440
2026-09-30 07:19:46.729Z,Testnet trade,82406.28000000,false,ABOVE,aggregate trade ID 2008441
2026-09-30 07:19:46.729Z,Testnet trade,82392.97000000,false,ABOVE,aggregate trade ID 2008442
2026-09-30 07:19:46.729Z,Testnet trade,82390.08000000,false,ABOVE,aggregate trade ID 2008443
2026-09-30 07:19:46.729Z,Testnet trade,82382.42000000,false,ABOVE,aggregate trade ID 2008444
2026-09-30 07:19:46.729Z,Testnet trade,82359.11000000,false,ABOVE,aggregate trade ID 2008445
2026-09-30 07:19:46.729Z,Testnet trade,82354.75000000,false,ABOVE,aggregate trade ID 2008446
2026-09-30 07:19:46.729Z,Testnet trade,82328.08000000,false,ABOVE,aggregate trade ID 2008447
2026-09-30 07:19:46.729Z,Testnet trade,82323.11000000,false,ABOVE,aggregate trade ID 2008448
2026-09-30 07:19:46.729Z,Testnet trade,82321.09000000,false,ABOVE,aggregate trade ID 2008449
2026-09-30 07:19:46.729Z,Testnet trade,82318.89000000,false,ABOVE,aggregate trade ID 2008450
2026-09-30 07:19:46.729Z,Testnet trade,82312.16000000,false,ABOVE,aggregate trade ID 2008451
2026-09-30 07:19:46.729Z,Testnet trade,82307.12000000,false,ABOVE,aggregate trade ID 2008452
2026-09-30 07:19:46.729Z,Testnet trade,82286.72000000,false,ABOVE,aggregate trade ID 2008453
2026-09-30 07:19:46.729Z,Testnet trade,82273.33000000,false,ABOVE,aggregate trade ID 2008454
2026-09-30 07:19:46.729Z,Testnet trade,82270.75000000,false,ABOVE,aggregate trade ID 2008455
2026-09-30 07:19:46.729Z,Testnet trade,82259.21000000,false,ABOVE,aggregate trade ID 2008456
2026-09-30 07:19:46.729Z,Testnet trade,82255.84000000,false,ABOVE,aggregate trade ID 2008457
2026-09-30 07:19:46.729Z,Testnet trade,82250.00000000,false,ABOVE,aggregate trade ID 2008458
2026-09-30 07:19:46.729Z,Testnet trade,82241.38000000,false,ABOVE,aggregate trade ID 2008459
2026-09-30 07:19:46.729Z,Testnet trade,82237.84000000,false,ABOVE,aggregate trade ID 2008460
2026-09-30 07:19:46.729Z,Testnet trade,82233.19000000,false,ABOVE,aggregate trade ID 2008461
2026-09-30 07:19:46.729Z,Testnet trade,82222.00000000,false,ABOVE,aggregate trade ID 2008462
2026-09-30 07:19:46.729Z,Testnet trade,82219.59000000,false,ABOVE,aggregate trade ID 2008463
2026-09-30 07:19:46.729Z,Testnet trade,82200.00000000,false,ABOVE,aggregate trade ID 2008464
2026-09-30 07:19:46.729Z,Testnet trade,82184.51000000,false,ABOVE,aggregate trade ID 2008465
2026-09-30 07:19:46.729Z,Testnet trade,82183.09000000,false,ABOVE,aggregate trade ID 2008466
2026-09-30 07:19:46.729Z,Testnet trade,82182.92000000,false,ABOVE,aggregate trade ID 2008467
2026-09-30 07:19:46.729Z,Testnet trade,82181.96000000,false,ABOVE,aggregate trade ID 2008468
2026-09-30 07:19:46.729Z,Testnet trade,82175.91000000,false,ABOVE,aggregate trade ID 2008469
2026-09-30 07:19:46.729Z,Testnet trade,82153.52000000,false,ABOVE,aggregate trade ID 2008470
2026-09-30 07:19:46.729Z,Testnet trade,82149.22000000,false,ABOVE,aggregate trade ID 2008471
2026-09-30 07:19:46.729Z,Testnet trade,82148.00000000,false,ABOVE,aggregate trade ID 2008472
2026-09-30 07:19:46.729Z,Testnet trade,82138.47000000,false,ABOVE,aggregate trade ID 2008473
2026-09-30 07:19:46.729Z,Testnet trade,82122.26000000,false,ABOVE,aggregate trade ID 2008474
2026-09-30 07:19:46.729Z,Testnet trade,82099.28000000,false,ABOVE,aggregate trade ID 2008475
2026-09-30 07:19:46.729Z,Testnet trade,82098.15000000,false,ABOVE,aggregate trade ID 2008476
2026-09-30 07:19:46.729Z,Testnet trade,82093.92000000,false,ABOVE,aggregate trade ID 2008477
2026-09-30 07:19:46.729Z,Testnet trade,82082.23000000,false,ABOVE,aggregate trade ID 2008478
2026-09-30 07:19:46.729Z,Testnet trade,82075.31000000,false,ABOVE,aggregate trade ID 2008479
2026-09-30 07:19:46.729Z,Testnet trade,82061.53000000,false,ABOVE,aggregate trade ID 2008480
2026-09-30 07:19:46.729Z,Testnet trade,82040.84000000,false,ABOVE,aggregate trade ID 2008481
2026-09-30 07:19:46.729Z,Testnet trade,82023.54000000,false,ABOVE,aggregate trade ID 2008482
2026-09-30 07:19:46.729Z,Testnet trade,82012.06000000,false,ABOVE,aggregate trade ID 2008483
2026-09-30 07:19:46.729Z,Testnet trade,82000.00000000,false,ABOVE,aggregate trade ID 2008484
2026-09-30 07:19:46.729Z,Testnet trade,81999.82000000,false,ABOVE,aggregate trade ID 2008485
2026-09-30 07:19:46.729Z,Testnet trade,81993.27000000,false,ABOVE,aggregate trade ID 2008486
2026-09-30 07:19:46.729Z,Testnet trade,81990.92000000,false,ABOVE,aggregate trade ID 2008487
2026-09-30 07:19:46.729Z,Testnet trade,81987.02000000,false,ABOVE,aggregate trade ID 2008488
2026-09-30 07:19:46.729Z,Testnet trade,81972.87000000,false,ABOVE,aggregate trade ID 2008489
2026-09-30 07:19:46.729Z,Testnet trade,81966.20000000,false,ABOVE,aggregate trade ID 2008490
2026-09-30 07:19:46.729Z,Testnet trade,81960.17000000,false,ABOVE,aggregate trade ID 2008491
2026-09-30 07:19:46.729Z,Testnet trade,81959.56000000,false,ABOVE,aggregate trade ID 2008492
2026-09-30 07:19:46.729Z,Testnet trade,81947.58000000,true,BREACH,aggregate trade ID 2008493
2026-09-30 07:19:46.729Z,Testnet trade,81944.17000000,true,BELOW,aggregate trade ID 2008494
2026-09-30 07:19:46.729Z,Testnet trade,81926.95000000,true,BELOW,aggregate trade ID 2008495
2026-09-30 07:19:46.729Z,Testnet trade,81911.31000000,true,BELOW,aggregate trade ID 2008496
2026-09-30 07:19:46.729Z,Testnet trade,81908.36000000,true,BELOW,aggregate trade ID 2008497
2026-09-30 07:19:46.729Z,Testnet trade,81891.43000000,true,BELOW,aggregate trade ID 2008498
2026-09-30 07:19:46.729Z,Testnet trade,81873.12000000,true,BELOW,aggregate trade ID 2008499
2026-09-30 07:19:46.729Z,Testnet trade,81868.40000000,true,BELOW,aggregate trade ID 2008500
2026-09-30 07:19:46.729Z,Testnet trade,81849.70000000,true,BELOW,aggregate trade ID 2008501
2026-09-30 07:19:46.729Z,Testnet trade,81829.44000000,true,BELOW,aggregate trade ID 2008502
2026-09-30 07:19:46.729Z,Testnet trade,81812.91000000,true,BELOW,aggregate trade ID 2008503
2026-09-30 07:19:46.729Z,Testnet trade,81787.31000000,true,BELOW,aggregate trade ID 2008504
2026-09-30 07:19:46.729Z,Testnet trade,81762.03000000,true,BELOW,aggregate trade ID 2008505
2026-09-30 07:19:46.729Z,Testnet trade,81747.65000000,true,BELOW,aggregate trade ID 2008506
2026-09-30 07:19:46.729Z,Testnet trade,81745.57000000,true,BELOW,aggregate trade ID 2008507
2026-09-30 07:19:46.729Z,Testnet trade,81740.25000000,true,BELOW,aggregate trade ID 2008508
2026-09-30 07:19:46.729Z,Testnet trade,81732.87000000,true,BELOW,aggregate trade ID 2008509
2026-09-30 07:19:46.729Z,Testnet trade,81724.14000000,true,BELOW,aggregate trade ID 2008510
2026-09-30 07:19:46.729Z,Testnet trade,81706.31000000,true,BELOW,aggregate trade ID 2008511
2026-09-30 07:19:46.729Z,Testnet trade,81695.18000000,true,BELOW,aggregate trade ID 2008512
2026-09-30 07:19:46.729Z,Testnet trade,81677.20000000,true,BELOW,aggregate trade ID 2008513
2026-09-30 07:19:46.729Z,Testnet trade,81665.94000000,true,BELOW,aggregate trade ID 2008514
2026-09-30 07:19:46.729Z,Testnet trade,81664.27000000,true,BELOW,aggregate trade ID 2008515
2026-09-30 07:19:46.729Z,Testnet trade,81636.29000000,true,BELOW,aggregate trade ID 2008516
2026-09-30 07:19:46.729Z,Testnet trade,81634.67000000,true,BELOW,aggregate trade ID 2008517
2026-09-30 07:19:46.729Z,Testnet trade,81604.04000000,true,BELOW,aggregate trade ID 2008518
2026-09-30 07:19:46.729Z,Testnet trade,81601.08000000,true,BELOW,aggregate trade ID 2008519
2026-09-30 07:19:46.729Z,Testnet trade,81600.00000000,true,BELOW,aggregate trade ID 2008520
2026-09-30 07:19:46.729Z,Testnet trade,81594.21000000,true,BELOW,aggregate trade ID 2008521
2026-09-30 07:19:46.729Z,Testnet trade,81584.31000000,true,BELOW,aggregate trade ID 2008522
2026-09-30 07:19:46.729Z,Testnet trade,81564.41000000,true,BELOW,aggregate trade ID 2008523
2026-09-30 07:19:46.729Z,Testnet trade,81545.80000000,true,BELOW,aggregate trade ID 2008524
2026-09-30 07:19:46.729Z,Testnet trade,81533.91000000,true,BELOW,aggregate trade ID 2008525
2026-09-30 07:19:46.729Z,Testnet trade,81518.71000000,true,BELOW,aggregate trade ID 2008526
2026-09-30 07:19:46.729Z,Testnet trade,81502.77000000,true,BELOW,aggregate trade ID 2008527
2026-09-30 07:19:46.729Z,Testnet trade,81492.88000000,true,BELOW,aggregate trade ID 2008528
2026-09-30 07:19:46.729Z,Testnet trade,81489.57000000,true,BELOW,aggregate trade ID 2008529
2026-09-30 07:19:46.729Z,Testnet trade,81466.66000000,true,BELOW,aggregate trade ID 2008530
2026-09-30 07:19:46.729Z,Testnet trade,81460.95000000,true,BELOW,aggregate trade ID 2008531
2026-09-30 07:19:46.729Z,Testnet trade,81457.59000000,true,BELOW,aggregate trade ID 2008532
2026-09-30 07:19:46.729Z,Testnet trade,81445.85000000,true,BELOW,aggregate trade ID 2008533
2026-09-30 07:19:46.729Z,Testnet trade,81433.79000000,true,BELOW,aggregate trade ID 2008534
2026-09-30 07:19:46.729Z,Testnet trade,81421.30000000,true,BELOW,aggregate trade ID 2008535
2026-09-30 07:19:46.729Z,Testnet trade,81385.22000000,true,BELOW,aggregate trade ID 2008536
2026-09-30 07:19:46.729Z,Testnet trade,81385.22000000,true,BELOW,aggregate trade ID 2008537
2026-09-30 07:19:46.729Z,Testnet trade,81385.22000000,true,BELOW,aggregate trade ID 2008538
2026-09-30 07:19:46.729Z,Testnet trade,81385.22000000,true,BELOW,aggregate trade ID 2008539
2026-09-30 07:19:46.729Z,Testnet trade,81385.22000000,true,BELOW,aggregate trade ID 2008540
2026-09-30 07:19:46.729Z,Testnet trade,81385.22000000,true,BELOW,aggregate trade ID 2008541
2026-09-30 07:19:46.729Z,Testnet trade,81385.22000000,true,BELOW,aggregate trade ID 2008542
2026-09-30 07:19:46.729Z,Testnet trade,81385.22000000,true,BELOW,aggregate trade ID 2008543
2026-09-30 07:19:46.729Z,Testnet trade,81385.22000000,true,BELOW,aggregate trade ID 2008544
2026-09-30 07:19:46.729Z,Testnet trade,81377.24000000,true,BELOW,aggregate trade ID 2008545
2026-09-30 07:19:46.729Z,Testnet trade,81371.63000000,true,BELOW,aggregate trade ID 2008546
2026-09-30 07:19:46.729Z,Testnet trade,81347.99000000,true,BELOW,aggregate trade ID 2008547
2026-09-30 07:19:46.729Z,Testnet trade,81339.92000000,true,BELOW,aggregate trade ID 2008548
2026-09-30 07:19:46.729Z,Testnet trade,81338.91000000,true,BELOW,aggregate trade ID 2008549
2026-09-30 07:19:46.729Z,Testnet trade,81335.43000000,true,BELOW,aggregate trade ID 2008550
2026-09-30 07:19:46.729Z,Testnet trade,81333.33000000,true,BELOW,aggregate trade ID 2008551
2026-09-30 07:19:46.729Z,Testnet trade,81298.54000000,true,BELOW,aggregate trade ID 2008552
2026-09-30 07:19:46.729Z,Testnet trade,81268.40000000,true,BELOW,aggregate trade ID 2008553
2026-09-30 07:19:46.729Z,Testnet trade,81260.48000000,true,BELOW,aggregate trade ID 2008554
2026-09-30 07:19:46.729Z,Testnet trade,81258.62000000,true,BELOW,aggregate trade ID 2008555
2026-09-30 07:19:46.729Z,Testnet trade,81253.31000000,true,BELOW,aggregate trade ID 2008556
2026-09-30 07:19:46.729Z,Testnet trade,81225.23000000,true,BELOW,aggregate trade ID 2008557
2026-09-30 07:19:46.729Z,Testnet trade,81220.80000000,true,BELOW,aggregate trade ID 2008558
2026-09-30 07:19:46.729Z,Testnet trade,81219.00000000,true,BELOW,aggregate trade ID 2008559
2026-09-30 07:19:46.729Z,Testnet trade,81206.90000000,true,BELOW,aggregate trade ID 2008560
2026-09-30 07:19:46.729Z,Testnet trade,81200.00000000,true,BELOW,aggregate trade ID 2008561
2026-09-30 07:19:46.729Z,Testnet trade,81198.05000000,true,BELOW,aggregate trade ID 2008562
2026-09-30 07:19:46.729Z,Testnet trade,81177.39000000,true,BELOW,aggregate trade ID 2008563
2026-09-30 07:19:46.729Z,Testnet trade,81170.39000000,true,BELOW,aggregate trade ID 2008564
2026-09-30 07:19:46.729Z,Testnet trade,81141.79000000,true,BELOW,aggregate trade ID 2008565
2026-09-30 07:19:46.729Z,Testnet trade,81122.33000000,true,BELOW,aggregate trade ID 2008566
2026-09-30 07:19:46.729Z,Testnet trade,81115.69000000,true,BELOW,aggregate trade ID 2008567
2026-09-30 07:19:46.729Z,Testnet trade,81103.13000000,true,BELOW,aggregate trade ID 2008568
2026-09-30 07:19:46.729Z,Testnet trade,81100.10000000,true,BELOW,aggregate trade ID 2008569
2026-09-30 07:19:46.729Z,Testnet trade,81096.26000000,true,BELOW,aggregate trade ID 2008570
2026-09-30 07:19:46.729Z,Testnet trade,81084.26000000,true,BELOW,aggregate trade ID 2008571
2026-09-30 07:19:46.729Z,Testnet trade,81066.66000000,true,BELOW,aggregate trade ID 2008572
2026-09-30 07:19:46.729Z,Testnet trade,81024.81000000,true,BELOW,aggregate trade ID 2008573
2026-09-30 07:19:46.729Z,Testnet trade,81015.20000000,true,BELOW,aggregate trade ID 2008574
2026-09-30 07:19:46.729Z,Testnet trade,81014.85000000,true,BELOW,aggregate trade ID 2008575
2026-09-30 07:19:46.729Z,Testnet trade,81010.13000000,true,BELOW,aggregate trade ID 2008576
2026-09-30 07:19:46.729Z,Testnet trade,81000.00000000,true,BELOW,aggregate trade ID 2008577
2026-09-30 07:19:46.729Z,Testnet trade,80984.41000000,true,BELOW,aggregate trade ID 2008578
2026-09-30 07:19:46.729Z,Testnet trade,80943.33000000,true,BELOW,aggregate trade ID 2008579
2026-09-30 07:19:46.729Z,Testnet trade,80935.24000000,true,BELOW,aggregate trade ID 2008580
2026-09-30 07:19:46.729Z,Testnet trade,80934.22000000,true,BELOW,aggregate trade ID 2008581
2026-09-30 07:19:46.729Z,Testnet trade,80933.33000000,true,BELOW,aggregate trade ID 2008582
2026-09-30 07:19:46.729Z,Testnet trade,80906.07000000,true,BELOW,aggregate trade ID 2008583
2026-09-30 07:19:46.729Z,Testnet trade,80853.32000000,true,BELOW,aggregate trade ID 2008584
2026-09-30 07:19:46.729Z,Testnet trade,80843.76000000,true,BELOW,aggregate trade ID 2008585
2026-09-30 07:19:46.729Z,Testnet trade,80800.00000000,true,BELOW,aggregate trade ID 2008586
2026-09-30 07:19:46.729Z,Testnet trade,80794.08000000,true,BELOW,aggregate trade ID 2008587
2026-09-30 07:19:46.729Z,Testnet trade,80772.51000000,true,BELOW,aggregate trade ID 2008588
2026-09-30 07:19:46.729Z,Testnet trade,80746.91000000,true,BELOW,aggregate trade ID 2008589
2026-09-30 07:19:46.729Z,Testnet trade,80745.57000000,true,BELOW,aggregate trade ID 2008590
2026-09-30 07:19:46.729Z,Testnet trade,80744.58000000,true,BELOW,aggregate trade ID 2008591
2026-09-30 07:19:46.729Z,Testnet trade,80741.59000000,true,BELOW,aggregate trade ID 2008592
2026-09-30 07:19:46.729Z,Testnet trade,80735.14000000,true,BELOW,aggregate trade ID 2008593
2026-09-30 07:19:46.729Z,Testnet trade,80719.18000000,true,BELOW,aggregate trade ID 2008594
2026-09-30 07:19:46.729Z,Testnet trade,80712.82000000,true,BELOW,aggregate trade ID 2008595
2026-09-30 07:19:46.729Z,Testnet trade,80709.31000000,true,BELOW,aggregate trade ID 2008596
2026-09-30 07:19:46.729Z,Testnet trade,80707.35000000,true,BELOW,aggregate trade ID 2008597
2026-09-30 07:19:46.729Z,Testnet trade,80692.08000000,true,BELOW,aggregate trade ID 2008598
2026-09-30 07:19:46.729Z,Testnet trade,80691.77000000,true,BELOW,aggregate trade ID 2008599
2026-09-30 07:19:46.729Z,Testnet trade,80689.66000000,true,BELOW,aggregate trade ID 2008600
2026-09-30 07:19:46.729Z,Testnet trade,80683.90000000,true,BELOW,aggregate trade ID 2008601
2026-09-30 07:19:46.729Z,Testnet trade,80678.31000000,true,BELOW,aggregate trade ID 2008602
2026-09-30 07:19:46.729Z,Testnet trade,80678.09000000,true,BELOW,aggregate trade ID 2008603
2026-09-30 07:19:46.729Z,Testnet trade,80671.62000000,true,BELOW,aggregate trade ID 2008604
2026-09-30 07:19:46.729Z,Testnet trade,80666.67000000,true,BELOW,aggregate trade ID 2008605
2026-09-30 07:19:46.729Z,Testnet trade,80666.66000000,true,BELOW,aggregate trade ID 2008606
2026-09-30 07:19:46.729Z,Testnet trade,80658.04000000,true,BELOW,aggregate trade ID 2008607
2026-09-30 07:19:46.729Z,Testnet trade,80611.12000000,true,BELOW,aggregate trade ID 2008608
2026-09-30 07:19:46.729Z,Testnet trade,80601.00000000,true,BELOW,aggregate trade ID 2008609
2026-09-30 07:19:46.729Z,Testnet trade,80533.33000000,true,BELOW,aggregate trade ID 2008610
2026-09-30 07:19:46.729Z,Testnet trade,80530.55000000,true,BELOW,aggregate trade ID 2008611
2026-09-30 07:19:46.729Z,Testnet trade,80521.26000000,true,BELOW,aggregate trade ID 2008612
2026-09-30 07:19:46.729Z,Testnet trade,80503.17000000,true,BELOW,aggregate trade ID 2008613
2026-09-30 07:19:46.729Z,Testnet trade,80494.23000000,true,BELOW,aggregate trade ID 2008614
2026-09-30 07:19:46.729Z,Testnet trade,80486.32000000,true,BELOW,aggregate trade ID 2008615
2026-09-30 07:19:46.729Z,Testnet trade,80464.40000000,true,BELOW,aggregate trade ID 2008616
2026-09-30 07:19:46.729Z,Testnet trade,80427.04000000,true,BELOW,aggregate trade ID 2008617
2026-09-30 07:19:46.729Z,Testnet trade,80400.00000000,true,BELOW,aggregate trade ID 2008618
2026-09-30 07:19:46.729Z,Testnet trade,80392.12000000,true,BELOW,aggregate trade ID 2008619
2026-09-30 07:19:46.729Z,Testnet trade,80385.59000000,true,BELOW,aggregate trade ID 2008620
2026-09-30 07:19:46.729Z,Testnet trade,80305.38000000,true,BELOW,aggregate trade ID 2008621
2026-09-30 07:19:46.729Z,Testnet trade,80296.94000000,true,BELOW,aggregate trade ID 2008622
2026-09-30 07:19:46.729Z,Testnet trade,80291.00000000,true,BELOW,aggregate trade ID 2008623
2026-09-30 07:19:46.729Z,Testnet trade,80266.66000000,true,BELOW,aggregate trade ID 2008624
2026-09-30 07:19:46.729Z,Testnet trade,80262.31000000,true,BELOW,aggregate trade ID 2008625
2026-09-30 07:19:46.729Z,Testnet trade,80249.26000000,true,BELOW,aggregate trade ID 2008626
2026-09-30 07:19:46.729Z,Testnet trade,80235.86000000,true,BELOW,aggregate trade ID 2008627
2026-09-30 07:19:46.729Z,Testnet trade,80230.45000000,true,BELOW,aggregate trade ID 2008628
2026-09-30 07:19:46.729Z,Testnet trade,80172.41000000,true,BELOW,aggregate trade ID 2008629
2026-09-30 07:19:46.729Z,Testnet trade,80133.33000000,true,BELOW,aggregate trade ID 2008630
2026-09-30 07:19:46.729Z,Testnet trade,80108.59000000,true,BELOW,aggregate trade ID 2008631
2026-09-30 07:19:46.729Z,Testnet trade,80108.59000000,true,BELOW,aggregate trade ID 2008632
2026-09-30 07:19:46.729Z,Testnet trade,80108.59000000,true,BELOW,aggregate trade ID 2008633
2026-09-30 07:19:46.729Z,Testnet trade,80108.59000000,true,BELOW,aggregate trade ID 2008634
2026-09-30 07:19:46.729Z,Testnet trade,80108.59000000,true,BELOW,aggregate trade ID 2008635
2026-09-30 07:19:46.729Z,Testnet trade,80108.59000000,true,BELOW,aggregate trade ID 2008636
2026-09-30 07:19:46.729Z,Testnet trade,80097.01000000,true,BELOW,aggregate trade ID 2008637
2026-09-30 07:19:46.729Z,Testnet trade,80042.50000000,true,BELOW,aggregate trade ID 2008638
2026-09-30 07:19:46.729Z,Testnet trade,80033.83000000,true,BELOW,aggregate trade ID 2008639
2026-09-30 07:19:46.729Z,Testnet trade,80018.27000000,true,BELOW,aggregate trade ID 2008640
2026-09-30 07:19:46.729Z,Testnet trade,80017.54000000,true,BELOW,aggregate trade ID 2008641
2026-09-30 07:19:46.729Z,Testnet trade,80000.00000000,true,BELOW,aggregate trade ID 2008642
2026-09-30 07:19:46.729Z,Testnet trade,79992.16000000,true,BELOW,aggregate trade ID 2008643
2026-09-30 07:19:46.729Z,Testnet trade,79970.24000000,true,BELOW,aggregate trade ID 2008644
2026-09-30 07:19:46.729Z,Testnet trade,79941.58000000,true,BELOW,aggregate trade ID 2008645
2026-09-30 07:19:46.729Z,Testnet trade,79900.00000000,true,BELOW,aggregate trade ID 2008646
2026-09-30 07:19:46.729Z,Testnet trade,79897.61000000,true,BELOW,aggregate trade ID 2008647
2026-09-30 07:19:46.729Z,Testnet trade,79866.66000000,true,BELOW,aggregate trade ID 2008648
2026-09-30 07:19:46.729Z,Testnet trade,79837.92000000,true,BELOW,aggregate trade ID 2008649
2026-09-30 07:19:46.729Z,Testnet trade,79826.52000000,true,BELOW,aggregate trade ID 2008650
2026-09-30 07:19:46.729Z,Testnet trade,79803.90000000,true,BELOW,aggregate trade ID 2008651
2026-09-30 07:19:46.729Z,Testnet trade,79800.00000000,true,BELOW,aggregate trade ID 2008652
2026-09-30 07:19:46.729Z,Testnet trade,79761.40000000,true,BELOW,aggregate trade ID 2008653
2026-09-30 07:19:46.729Z,Testnet trade,79761.40000000,true,BELOW,aggregate trade ID 2008654
2026-09-30 07:19:46.729Z,Testnet trade,79761.40000000,true,BELOW,aggregate trade ID 2008655
2026-09-30 07:19:46.729Z,Testnet trade,79749.94000000,true,BELOW,aggregate trade ID 2008656
2026-09-30 07:19:46.729Z,Testnet trade,79745.57000000,true,BELOW,aggregate trade ID 2008657
2026-09-30 07:19:46.729Z,Testnet trade,79733.33000000,true,BELOW,aggregate trade ID 2008658
2026-09-30 07:19:46.729Z,Testnet trade,79727.13000000,true,BELOW,aggregate trade ID 2008659
2026-09-30 07:19:46.729Z,Testnet trade,79655.17000000,true,BELOW,aggregate trade ID 2008660
2026-09-30 07:19:46.729Z,Testnet trade,79600.00000000,true,BELOW,aggregate trade ID 2008661
2026-09-30 07:19:46.729Z,Testnet trade,79594.19000000,true,BELOW,aggregate trade ID 2008662
2026-09-30 07:19:46.729Z,Testnet trade,79593.60000000,true,BELOW,aggregate trade ID 2008663
2026-09-30 07:19:46.729Z,Testnet trade,79499.81000000,true,BELOW,aggregate trade ID 2008664
2026-09-30 07:19:46.729Z,Testnet trade,79470.27000000,true,BELOW,aggregate trade ID 2008665
2026-09-30 07:19:46.729Z,Testnet trade,79466.66000000,true,BELOW,aggregate trade ID 2008666
2026-09-30 07:19:46.729Z,Testnet trade,79416.26000000,true,BELOW,aggregate trade ID 2008667
2026-09-30 07:19:46.729Z,Testnet trade,79368.65000000,true,BELOW,aggregate trade ID 2008668
2026-09-30 07:19:46.729Z,Testnet trade,79363.00000000,true,BELOW,aggregate trade ID 2008669
2026-09-30 07:19:46.729Z,Testnet trade,79355.79000000,true,BELOW,aggregate trade ID 2008670
2026-09-30 07:19:46.729Z,Testnet trade,79333.33000000,true,BELOW,aggregate trade ID 2008671
2026-09-30 07:19:46.729Z,Testnet trade,79326.46000000,true,BELOW,aggregate trade ID 2008672
2026-09-30 07:19:46.729Z,Testnet trade,79200.00000000,true,BELOW,aggregate trade ID 2008673
2026-09-30 07:19:46.729Z,Testnet trade,79198.20000000,true,BELOW,aggregate trade ID 2008674
2026-09-30 07:19:46.729Z,Testnet trade,79176.88000000,true,BELOW,aggregate trade ID 2008675
2026-09-30 07:19:46.729Z,Testnet trade,79137.93000000,true,BELOW,aggregate trade ID 2008676
2026-09-30 07:19:46.729Z,Testnet trade,79093.20000000,true,BELOW,aggregate trade ID 2008677
2026-09-30 07:19:46.729Z,Testnet trade,79066.66000000,true,BELOW,aggregate trade ID 2008678
2026-09-30 07:19:46.729Z,Testnet trade,79044.44000000,true,BELOW,aggregate trade ID 2008679
2026-09-30 07:19:46.729Z,Testnet trade,79028.47000000,true,BELOW,aggregate trade ID 2008680
2026-09-30 07:19:46.729Z,Testnet trade,79022.48000000,true,BELOW,aggregate trade ID 2008681
2026-09-30 07:19:46.729Z,Testnet trade,79000.00000000,true,BELOW,aggregate trade ID 2008682
2026-09-30 07:19:46.729Z,Testnet trade,78997.52000000,true,BELOW,aggregate trade ID 2008683
2026-09-30 07:19:46.729Z,Testnet trade,78994.99000000,true,BELOW,aggregate trade ID 2008684
2026-09-30 07:19:46.729Z,Testnet trade,78933.33000000,true,BELOW,aggregate trade ID 2008685
2026-09-30 07:19:46.729Z,Testnet trade,78913.17000000,true,BELOW,aggregate trade ID 2008686
2026-09-30 07:19:46.729Z,Testnet trade,78912.70000000,true,BELOW,aggregate trade ID 2008687
2026-09-30 07:19:46.729Z,Testnet trade,78912.18000000,true,BELOW,aggregate trade ID 2008688
2026-09-30 07:19:46.729Z,Testnet trade,78900.45000000,true,BELOW,aggregate trade ID 2008689
2026-09-30 07:19:46.729Z,Testnet trade,78888.89000000,true,BELOW,aggregate trade ID 2008690
2026-09-30 07:19:46.729Z,Testnet trade,78886.80000000,true,BELOW,aggregate trade ID 2008691
2026-09-30 07:19:46.729Z,Testnet trade,78882.90000000,true,BELOW,aggregate trade ID 2008692
2026-09-30 07:19:46.729Z,Testnet trade,78876.90000000,true,BELOW,aggregate trade ID 2008693
2026-09-30 07:19:46.729Z,Testnet trade,78863.20000000,true,BELOW,aggregate trade ID 2008694
2026-09-30 07:19:46.729Z,Testnet trade,78859.98000000,true,BELOW,aggregate trade ID 2008695
2026-09-30 07:19:46.729Z,Testnet trade,78855.00000000,true,BELOW,aggregate trade ID 2008696
2026-09-30 07:19:46.729Z,Testnet trade,78850.00000000,true,BELOW,aggregate trade ID 2008697
2026-09-30 07:19:46.729Z,Testnet trade,78842.40000000,true,BELOW,aggregate trade ID 2008698
2026-09-30 07:19:46.729Z,Testnet trade,78823.00000000,true,BELOW,aggregate trade ID 2008699
2026-09-30 07:19:46.729Z,Testnet trade,78808.19000000,true,BELOW,aggregate trade ID 2008700
2026-09-30 07:19:46.729Z,Testnet trade,78804.18000000,true,BELOW,aggregate trade ID 2008701
2026-09-30 07:19:46.729Z,Testnet trade,78800.00000000,true,BELOW,aggregate trade ID 2008702
2026-09-30 07:19:46.729Z,Testnet trade,78745.57000000,true,BELOW,aggregate trade ID 2008703
2026-09-30 07:19:46.729Z,Testnet trade,78677.45000000,true,BELOW,aggregate trade ID 2008704
2026-09-30 07:19:46.729Z,Testnet trade,78674.97000000,true,BELOW,aggregate trade ID 2008705
2026-09-30 07:19:46.729Z,Testnet trade,78666.66000000,true,BELOW,aggregate trade ID 2008706
2026-09-30 07:19:46.729Z,Testnet trade,78649.55000000,true,BELOW,aggregate trade ID 2008707
2026-09-30 07:19:46.729Z,Testnet trade,78620.69000000,true,BELOW,aggregate trade ID 2008708
2026-09-30 07:19:46.729Z,Testnet trade,78600.00000000,true,BELOW,aggregate trade ID 2008709
2026-09-30 07:19:46.729Z,Testnet trade,78533.33000000,true,BELOW,aggregate trade ID 2008710
2026-09-30 07:19:46.729Z,Testnet trade,78446.38000000,true,BELOW,aggregate trade ID 2008711
2026-09-30 07:19:46.729Z,Testnet trade,78412.12000000,true,BELOW,aggregate trade ID 2008712
2026-09-30 07:19:46.729Z,Testnet trade,78400.00000000,true,BELOW,aggregate trade ID 2008713
2026-09-30 07:19:46.729Z,Testnet trade,78304.19000000,true,BELOW,aggregate trade ID 2008714
2026-09-30 07:19:46.729Z,Testnet trade,78283.54000000,true,BELOW,aggregate trade ID 2008715
2026-09-30 07:19:46.729Z,Testnet trade,78266.66000000,true,BELOW,aggregate trade ID 2008716
2026-09-30 07:19:46.729Z,Testnet trade,78157.12000000,true,BELOW,aggregate trade ID 2008717
2026-09-30 07:19:46.729Z,Testnet trade,78133.33000000,true,BELOW,aggregate trade ID 2008718
2026-09-30 07:19:46.729Z,Testnet trade,78125.00000000,true,BELOW,aggregate trade ID 2008719
2026-09-30 07:19:46.729Z,Testnet trade,78103.45000000,true,BELOW,aggregate trade ID 2008720
2026-09-30 07:19:46.729Z,Testnet trade,78039.23000000,true,BELOW,aggregate trade ID 2008721
2026-09-30 07:19:46.729Z,Testnet trade,78001.83000000,true,BELOW,aggregate trade ID 2008722
2026-09-30 07:19:46.729Z,Testnet trade,78000.00000000,true,BELOW,aggregate trade ID 2008723
2026-09-30 07:19:46.729Z,Testnet trade,77997.00000000,true,BELOW,aggregate trade ID 2008724
2026-09-30 07:19:46.729Z,Testnet trade,77936.14000000,true,BELOW,aggregate trade ID 2008725
2026-09-30 07:19:46.729Z,Testnet trade,77896.03000000,true,BELOW,aggregate trade ID 2008726
2026-09-30 07:19:46.729Z,Testnet trade,77822.34000000,true,BELOW,aggregate trade ID 2008727
2026-09-30 07:19:46.729Z,Testnet trade,77808.21000000,true,BELOW,aggregate trade ID 2008728
2026-09-30 07:19:46.729Z,Testnet trade,77745.57000000,true,BELOW,aggregate trade ID 2008729
2026-09-30 07:19:46.729Z,Testnet trade,77586.21000000,true,BELOW,aggregate trade ID 2008730
2026-09-30 07:19:46.729Z,Testnet trade,77570.63000000,true,BELOW,aggregate trade ID 2008731
2026-09-30 07:19:46.729Z,Testnet trade,77544.62000000,true,BELOW,aggregate trade ID 2008732
2026-09-30 07:19:46.729Z,Testnet trade,77400.00000000,true,BELOW,aggregate trade ID 2008733
2026-09-30 07:19:46.729Z,Testnet trade,77316.72000000,true,BELOW,aggregate trade ID 2008734
2026-09-30 07:19:46.729Z,Testnet trade,77300.00000000,true,BELOW,aggregate trade ID 2008735
2026-09-30 07:19:46.729Z,Testnet trade,77261.56000000,true,BELOW,aggregate trade ID 2008736
2026-09-30 07:19:46.729Z,Testnet trade,77242.62000000,true,BELOW,aggregate trade ID 2008737
2026-09-30 07:19:46.729Z,Testnet trade,77111.11000000,true,BELOW,aggregate trade ID 2008738
2026-09-30 07:19:46.729Z,Testnet trade,77068.97000000,true,BELOW,aggregate trade ID 2008739
2026-09-30 07:19:46.729Z,Testnet trade,76923.11000000,true,BELOW,aggregate trade ID 2008740
2026-09-30 07:19:46.729Z,Testnet trade,76913.50000000,true,BELOW,aggregate trade ID 2008741
2026-09-30 07:19:46.729Z,Testnet trade,76800.00000000,true,BELOW,aggregate trade ID 2008742
2026-09-30 07:19:46.729Z,Testnet trade,76784.71000000,true,BELOW,aggregate trade ID 2008743
2026-09-30 07:19:46.729Z,Testnet trade,76745.57000000,true,BELOW,aggregate trade ID 2008744
2026-09-30 07:19:46.729Z,Testnet trade,76718.71000000,true,BELOW,aggregate trade ID 2008745
2026-09-30 07:19:46.729Z,Testnet trade,76638.14000000,true,BELOW,aggregate trade ID 2008746
2026-09-30 07:19:46.729Z,Testnet trade,76600.00000000,true,BELOW,aggregate trade ID 2008747
2026-09-30 07:19:46.729Z,Testnet trade,76581.05000000,true,BELOW,aggregate trade ID 2008748
2026-09-30 07:19:46.729Z,Testnet trade,76570.18000000,true,BELOW,aggregate trade ID 2008749
2026-09-30 07:19:46.729Z,Testnet trade,76551.72000000,true,BELOW,aggregate trade ID 2008750
2026-09-30 07:19:46.729Z,Testnet trade,76528.93000000,true,BELOW,aggregate trade ID 2008751
2026-09-30 07:19:46.729Z,Testnet trade,76476.32000000,true,BELOW,aggregate trade ID 2008752
2026-09-30 07:19:46.729Z,Testnet trade,76276.41000000,true,BELOW,aggregate trade ID 2008753
2026-09-30 07:19:46.729Z,Testnet trade,76262.49000000,true,BELOW,aggregate trade ID 2008754
2026-09-30 07:19:46.729Z,Testnet trade,76250.00000000,true,BELOW,aggregate trade ID 2008755
2026-09-30 07:19:46.729Z,Testnet trade,76200.00000000,true,BELOW,aggregate trade ID 2008756
2026-09-30 07:19:46.729Z,Testnet trade,76146.29000000,true,BELOW,aggregate trade ID 2008757
2026-09-30 07:19:46.729Z,Testnet trade,76112.78000000,true,BELOW,aggregate trade ID 2008758
2026-09-30 07:19:46.729Z,Testnet trade,76000.00000000,true,BELOW,aggregate trade ID 2008759
2026-09-30 07:19:46.729Z,Testnet trade,75900.00000000,true,BELOW,aggregate trade ID 2008760
2026-09-30 07:19:46.729Z,Testnet trade,75815.56000000,true,BELOW,aggregate trade ID 2008761
2026-09-30 07:19:46.729Z,Testnet trade,75773.20000000,true,BELOW,aggregate trade ID 2008762
2026-09-30 07:19:46.729Z,Testnet trade,75765.56000000,true,BELOW,aggregate trade ID 2008763
2026-09-30 07:19:46.729Z,Testnet trade,75747.08000000,true,BELOW,aggregate trade ID 2008764
2026-09-30 07:19:46.729Z,Testnet trade,75745.57000000,true,BELOW,aggregate trade ID 2008765
2026-09-30 07:19:46.729Z,Testnet trade,75644.47000000,true,BELOW,aggregate trade ID 2008766
2026-09-30 07:19:46.729Z,Testnet trade,75635.92000000,true,BELOW,aggregate trade ID 2008767
2026-09-30 07:19:46.729Z,Testnet trade,75600.00000000,true,BELOW,aggregate trade ID 2008768
2026-09-30 07:19:46.729Z,Testnet trade,75413.91000000,true,BELOW,aggregate trade ID 2008769
2026-09-30 07:19:46.729Z,Testnet trade,75386.73000000,true,BELOW,aggregate trade ID 2008770
2026-09-30 07:19:46.729Z,Testnet trade,75333.33000000,true,BELOW,aggregate trade ID 2008771
2026-09-30 07:19:46.729Z,Testnet trade,75275.72000000,true,BELOW,aggregate trade ID 2008772
2026-09-30 07:19:46.729Z,Testnet trade,75263.42000000,true,BELOW,aggregate trade ID 2008773
2026-09-30 07:19:46.729Z,Testnet trade,75228.17000000,true,BELOW,aggregate trade ID 2008774
2026-09-30 07:19:46.729Z,Testnet trade,75200.00000000,true,BELOW,aggregate trade ID 2008775
2026-09-30 07:19:46.729Z,Testnet trade,75085.20000000,true,BELOW,aggregate trade ID 2008776
2026-09-30 07:19:46.729Z,Testnet trade,75000.00000000,true,BELOW,aggregate trade ID 2008777
2026-09-30 07:19:46.729Z,Testnet trade,74745.57000000,true,BELOW,aggregate trade ID 2008778
2026-09-30 07:19:46.729Z,Testnet trade,74709.45000000,true,BELOW,aggregate trade ID 2008779
2026-09-30 07:19:46.729Z,Testnet trade,74654.93000000,true,BELOW,aggregate trade ID 2008780
2026-09-30 07:19:46.729Z,Testnet trade,74500.00000000,true,BELOW,aggregate trade ID 2008781
2026-09-30 07:19:46.729Z,Testnet trade,74477.38000000,true,BELOW,aggregate trade ID 2008782
2026-09-30 07:19:46.729Z,Testnet trade,74416.85000000,true,BELOW,aggregate trade ID 2008783
2026-09-30 07:19:46.729Z,Testnet trade,74400.00000000,true,BELOW,aggregate trade ID 2008784
2026-09-30 07:19:46.729Z,Testnet trade,74375.00000000,true,BELOW,aggregate trade ID 2008785
2026-09-30 07:19:46.729Z,Testnet trade,74359.52000000,true,BELOW,aggregate trade ID 2008786
2026-09-30 07:19:46.729Z,Testnet trade,74264.35000000,true,BELOW,aggregate trade ID 2008787
2026-09-30 07:19:46.729Z,Testnet trade,74166.46000000,true,BELOW,aggregate trade ID 2008788
2026-09-30 07:19:46.729Z,Testnet trade,74000.00000000,true,BELOW,aggregate trade ID 2008789
2026-09-30 07:19:46.729Z,Testnet trade,73909.68000000,true,BELOW,aggregate trade ID 2008790
2026-09-30 07:19:46.729Z,Testnet trade,73884.25000000,true,BELOW,aggregate trade ID 2008791
2026-09-30 07:19:46.729Z,Testnet trade,73800.00000000,true,BELOW,aggregate trade ID 2008792
2026-09-30 07:19:46.729Z,Testnet trade,73745.57000000,true,BELOW,aggregate trade ID 2008793
2026-09-30 07:19:46.729Z,Testnet trade,73671.82000000,true,BELOW,aggregate trade ID 2008794
2026-09-30 07:19:46.729Z,Testnet trade,73555.56000000,true,BELOW,aggregate trade ID 2008795
2026-09-30 07:19:46.729Z,Testnet trade,73544.58000000,true,BELOW,aggregate trade ID 2008796
2026-09-30 07:19:46.729Z,Testnet trade,73265.28000000,true,BELOW,aggregate trade ID 2008797
2026-09-30 07:19:46.729Z,Testnet trade,73200.00000000,true,BELOW,aggregate trade ID 2008798
2026-09-30 07:19:46.729Z,Testnet trade,73197.08000000,true,BELOW,aggregate trade ID 2008799
2026-09-30 07:19:46.729Z,Testnet trade,72872.87000000,true,BELOW,aggregate trade ID 2008800
2026-09-30 07:19:46.729Z,Testnet trade,72745.57000000,true,BELOW,aggregate trade ID 2008801
2026-09-30 07:19:46.729Z,Testnet trade,72634.19000000,true,BELOW,aggregate trade ID 2008802
2026-09-30 07:19:46.729Z,Testnet trade,72614.29000000,true,BELOW,aggregate trade ID 2008803
2026-09-30 07:19:46.729Z,Testnet trade,72600.00000000,true,BELOW,aggregate trade ID 2008804
2026-09-30 07:19:46.729Z,Testnet trade,72586.67000000,true,BELOW,aggregate trade ID 2008805
2026-09-30 07:19:46.729Z,Testnet trade,72500.00000000,true,BELOW,aggregate trade ID 2008806
2026-09-30 07:19:46.729Z,Testnet trade,72313.81000000,true,BELOW,aggregate trade ID 2008807
2026-09-30 07:19:46.729Z,Testnet trade,72285.74000000,true,BELOW,aggregate trade ID 2008808
2026-09-30 07:19:46.729Z,Testnet trade,72285.18000000,true,BELOW,aggregate trade ID 2008809
2026-09-30 07:19:46.729Z,Testnet trade,72114.87000000,true,BELOW,aggregate trade ID 2008810
2026-09-30 07:19:46.729Z,Testnet trade,72000.00000000,true,BELOW,aggregate trade ID 2008811
2026-09-30 07:19:46.729Z,Testnet trade,71777.78000000,true,BELOW,aggregate trade ID 2008812
2026-09-30 07:19:46.729Z,Testnet trade,71745.57000000,true,BELOW,aggregate trade ID 2008813
2026-09-30 07:19:46.729Z,Testnet trade,71697.50000000,true,BELOW,aggregate trade ID 2008814
2026-09-30 07:19:46.729Z,Testnet trade,71596.56000000,true,BELOW,aggregate trade ID 2008815
2026-09-30 07:19:46.729Z,Testnet trade,71400.00000000,true,BELOW,aggregate trade ID 2008816
2026-09-30 07:19:46.729Z,Testnet trade,71341.61000000,true,BELOW,aggregate trade ID 2008817
2026-09-30 07:19:46.729Z,Testnet trade,71109.81000000,true,BELOW,aggregate trade ID 2008818
2026-09-30 07:19:46.729Z,Testnet trade,70915.53000000,true,BELOW,aggregate trade ID 2008819
2026-09-30 07:19:46.729Z,Testnet trade,70913.80000000,true,BELOW,aggregate trade ID 2008820
2026-09-30 07:19:46.729Z,Testnet trade,70800.00000000,true,BELOW,aggregate trade ID 2008821
2026-09-30 07:19:46.729Z,Testnet trade,70745.57000000,true,BELOW,aggregate trade ID 2008822
2026-09-30 07:19:46.729Z,Testnet trade,70625.00000000,true,BELOW,aggregate trade ID 2008823
2026-09-30 07:19:46.729Z,Testnet trade,70558.93000000,true,BELOW,aggregate trade ID 2008824
2026-09-30 07:19:46.729Z,Testnet trade,70525.87000000,true,BELOW,aggregate trade ID 2008825
2026-09-30 07:19:46.729Z,Testnet trade,70522.13000000,true,BELOW,aggregate trade ID 2008826
2026-09-30 07:19:46.729Z,Testnet trade,70270.21000000,true,BELOW,aggregate trade ID 2008827
2026-09-30 07:19:46.729Z,Testnet trade,70200.00000000,true,BELOW,aggregate trade ID 2008828
2026-09-30 07:19:46.729Z,Testnet trade,70120.04000000,true,BELOW,aggregate trade ID 2008829
2026-09-30 07:19:46.729Z,Testnet trade,70091.23000000,true,BELOW,aggregate trade ID 2008830
2026-09-30 07:19:46.729Z,Testnet trade,70000.00000000,true,BELOW,aggregate trade ID 2008831
2026-09-30 07:19:46.729Z,Testnet trade,69934.44000000,true,BELOW,aggregate trade ID 2008832
2026-09-30 07:19:46.729Z,Testnet trade,69745.57000000,true,BELOW,aggregate trade ID 2008833
2026-09-30 07:19:46.729Z,Testnet trade,69745.57000000,true,BELOW,aggregate trade ID 2008834
2026-09-30 07:19:46.729Z,Testnet trade,69745.57000000,true,BELOW,aggregate trade ID 2008835
2026-09-30 07:19:46.729Z,Testnet trade,69745.57000000,true,BELOW,aggregate trade ID 2008836
2026-09-30 07:19:46.729Z,Testnet trade,69745.57000000,true,BELOW,aggregate trade ID 2008837
2026-09-30 07:19:46.729Z,Testnet trade,69745.57000000,true,BELOW,aggregate trade ID 2008838
2026-09-30 07:19:46.729Z,Testnet trade,69745.57000000,true,BELOW,aggregate trade ID 2008839
2026-09-30 07:19:46.729Z,Testnet trade,69745.57000000,true,BELOW,aggregate trade ID 2008840
2026-09-30 07:19:46.729Z,Testnet trade,69600.00000000,true,BELOW,aggregate trade ID 2008841
2026-09-30 07:19:46.729Z,Testnet trade,69357.78000000,true,BELOW,aggregate trade ID 2008842
2026-09-30 07:19:46.729Z,Testnet trade,69346.76000000,true,BELOW,aggregate trade ID 2008843
2026-09-30 07:19:46.729Z,Testnet trade,69287.32000000,true,BELOW,aggregate trade ID 2008844
2026-09-30 07:19:46.729Z,Testnet trade,69000.00000000,true,BELOW,aggregate trade ID 2008845
2026-09-30 07:19:46.729Z,Testnet trade,68862.77000000,true,BELOW,aggregate trade ID 2008846
2026-09-30 07:19:46.729Z,Testnet trade,68759.07000000,true,BELOW,aggregate trade ID 2008847
2026-09-30 07:19:46.729Z,Testnet trade,68750.00000000,true,BELOW,aggregate trade ID 2008848
2026-09-30 07:19:46.729Z,Testnet trade,68745.57000000,true,BELOW,aggregate trade ID 2008849
2026-09-30 07:19:46.729Z,Testnet trade,68400.00000000,true,BELOW,aggregate trade ID 2008850
2026-09-30 07:19:46.729Z,Testnet trade,68180.39000000,true,BELOW,aggregate trade ID 2008851
2026-09-30 07:19:46.729Z,Testnet trade,68180.39000000,true,BELOW,aggregate trade ID 2008852
2026-09-30 07:19:46.729Z,Testnet trade,68180.39000000,true,BELOW,aggregate trade ID 2008853
2026-09-30 07:19:46.729Z,Testnet trade,68180.39000000,true,BELOW,aggregate trade ID 2008854
2026-09-30 07:19:46.729Z,Testnet trade,68180.39000000,true,BELOW,aggregate trade ID 2008855
2026-09-30 07:19:46.729Z,Testnet trade,68171.39000000,true,BELOW,aggregate trade ID 2008856
2026-09-30 07:19:46.789Z,Testnet trade,71650.14000000,true,BELOW,aggregate trade ID 2008857
2026-09-30 07:19:46.831Z,Testnet trade,71650.14000000,true,BELOW,aggregate trade ID 2008858
2026-09-30 07:19:46.843Z,Testnet trade,71650.14000000,true,BELOW,aggregate trade ID 2008859
2026-09-30 07:19:46.848Z,Testnet trade,71650.14000000,true,BELOW,aggregate trade ID 2008860
2026-09-30 07:19:46.907Z,Testnet trade,71650.14000000,true,BELOW,aggregate trade ID 2008861
2026-09-30 07:19:46.907Z,Testnet trade,71841.83000000,true,BELOW,aggregate trade ID 2008862
2026-09-30 07:19:46.949Z,Testnet trade,71841.83000000,true,BELOW,aggregate trade ID 2008863
2026-09-30 07:19:46.996Z,Testnet trade,71841.83000000,true,BELOW,aggregate trade ID 2008864
2026-09-30 07:19:47.007Z,Testnet trade,71841.83000000,true,BELOW,aggregate trade ID 2008865
2026-09-30 07:19:47.018Z,Testnet trade,71841.83000000,true,BELOW,aggregate trade ID 2008866
2026-09-30 07:19:47.028Z,Testnet trade,71841.83000000,true,BELOW,aggregate trade ID 2008867
2026-09-30 07:19:47.034Z,Testnet trade,71841.83000000,true,BELOW,aggregate trade ID 2008868
2026-09-30 07:19:47.042Z,Testnet trade,71841.83000000,true,BELOW,aggregate trade ID 2008869
2026-09-30 07:19:47.049Z,Testnet trade,71841.83000000,true,BELOW,aggregate trade ID 2008870
2026-09-30 07:19:47.066Z,Testnet trade,68035.13000000,true,BELOW,aggregate trade ID 2008871
2026-09-30 07:19:47.066Z,Testnet trade,68000.00000000,true,BELOW,aggregate trade ID 2008872
2026-09-30 07:19:47.079Z,Testnet trade,71841.83000000,true,BELOW,aggregate trade ID 2008873
2026-09-30 07:19:47.112Z,Testnet trade,71841.83000000,true,BELOW,aggregate trade ID 2008874
2026-09-30 07:19:47.112Z,Testnet trade,75109.87000000,true,BELOW,aggregate trade ID 2008875
2026-09-30 07:19:47.112Z,Testnet trade,75336.53000000,true,BELOW,aggregate trade ID 2008876
2026-09-30 07:19:47.137Z,Testnet trade,75336.53000000,true,BELOW,aggregate trade ID 2008877
2026-09-30 07:19:47.176Z,Testnet trade,75336.53000000,true,BELOW,aggregate trade ID 2008878
2026-09-30 07:19:47.209Z,Testnet trade,75336.53000000,true,BELOW,aggregate trade ID 2008879
2026-09-30 07:19:47.257Z,Testnet trade,72313.81000000,true,BELOW,aggregate trade ID 2008880
2026-09-30 07:19:47.277Z,Testnet trade,74416.85000000,true,BELOW,aggregate trade ID 2008881
2026-09-30 07:19:47.297Z,Testnet trade,75336.53000000,true,BELOW,aggregate trade ID 2008882
2026-09-30 07:19:47.320Z,Testnet trade,75336.53000000,true,BELOW,aggregate trade ID 2008883
2026-09-30 07:19:47.320Z,Testnet trade,75567.59000000,true,BELOW,aggregate trade ID 2008884
2026-09-30 07:19:47.320Z,Testnet trade,76581.05000000,true,BELOW,aggregate trade ID 2008885
2026-09-30 07:19:47.320Z,Testnet trade,76625.20000000,true,BELOW,aggregate trade ID 2008886
2026-09-30 07:19:47.320Z,Testnet trade,77335.56000000,true,BELOW,aggregate trade ID 2008887
2026-09-30 07:19:47.320Z,Testnet trade,78347.65000000,true,BELOW,aggregate trade ID 2008888
2026-09-30 07:19:47.320Z,Testnet trade,78808.19000000,true,BELOW,aggregate trade ID 2008889
2026-09-30 07:19:47.320Z,Testnet trade,78960.21000000,true,BELOW,aggregate trade ID 2008890
2026-09-30 07:19:47.337Z,Testnet trade,78960.21000000,true,BELOW,aggregate trade ID 2008891
2026-09-30 07:19:47.527Z,Testnet trade,78960.21000000,true,BELOW,aggregate trade ID 2008892
2026-09-30 07:19:47.527Z,Testnet trade,78965.91000000,true,BELOW,aggregate trade ID 2008893
2026-09-30 07:19:47.558Z,Testnet trade,78965.91000000,true,BELOW,aggregate trade ID 2008894
2026-09-30 07:19:47.607Z,Testnet trade,73671.82000000,true,BELOW,aggregate trade ID 2008895
2026-09-30 07:19:47.627Z,Testnet trade,78965.91000000,true,BELOW,aggregate trade ID 2008896
2026-09-30 07:19:47.664Z,Testnet trade,78965.91000000,true,BELOW,aggregate trade ID 2008897
2026-09-30 07:19:47.669Z,Testnet trade,78965.91000000,true,BELOW,aggregate trade ID 2008898
2026-09-30 07:19:47.691Z,Testnet trade,78965.91000000,true,BELOW,aggregate trade ID 2008899
2026-09-30 07:19:47.695Z,Testnet trade,78965.91000000,true,BELOW,aggregate trade ID 2008900
2026-09-30 07:19:47.727Z,Testnet trade,78965.91000000,true,BELOW,aggregate trade ID 2008901
2026-09-30 07:19:47.733Z,Testnet trade,78965.91000000,true,BELOW,aggregate trade ID 2008902
2026-09-30 07:19:47.747Z,Testnet trade,78965.91000000,true,BELOW,aggregate trade ID 2008903
2026-09-30 07:19:47.947Z,Testnet trade,76581.05000000,true,BELOW,aggregate trade ID 2008904
2026-09-30 07:19:48.011Z,Testnet trade,74416.85000000,true,BELOW,aggregate trade ID 2008905
2026-09-30 07:19:48.037Z,Testnet trade,74709.45000000,true,BELOW,aggregate trade ID 2008906
2026-09-30 07:19:48.037Z,Testnet trade,78965.91000000,true,BELOW,aggregate trade ID 2008907
2026-09-30 07:19:48.115Z,Testnet trade,74416.85000000,true,BELOW,aggregate trade ID 2008908
2026-09-30 07:19:48.115Z,Testnet trade,72313.81000000,true,BELOW,aggregate trade ID 2008909
2026-09-30 07:19:48.115Z,Testnet trade,70270.21000000,true,BELOW,aggregate trade ID 2008910
2026-09-30 07:19:48.115Z,Testnet trade,69628.85000000,true,BELOW,aggregate trade ID 2008911
2026-09-30 07:19:48.115Z,Testnet trade,68000.00000000,true,BELOW,aggregate trade ID 2008912
2026-09-30 07:19:48.213Z,bot journal,76581.05,true,LIQUIDATION TRIGGER,"2026-09-30 07:19:48,213 CRITICAL Hard stop triggered at 76581.05 BTC/USDT; liquidating bot inventory."
2026-09-30 07:19:48.319Z,Testnet trade,70258.30000000,true,BELOW,aggregate trade ID 2008913
2026-09-30 07:19:48.432Z,Testnet trade,70258.30000000,true,BELOW,aggregate trade ID 2008914
2026-09-30 07:19:48.467Z,Testnet trade,70258.30000000,true,BELOW,aggregate trade ID 2008915
2026-09-30 07:19:48.469Z,Testnet trade,70258.30000000,true,BELOW,aggregate trade ID 2008916
2026-09-30 07:19:48.570Z,Testnet trade,70258.30000000,true,BELOW,aggregate trade ID 2008917
2026-09-30 07:19:48.653Z,Testnet trade,70258.30000000,true,BELOW,aggregate trade ID 2008918
2026-09-30 07:19:48.735Z,Testnet trade,70258.30000000,true,BELOW,aggregate trade ID 2008919
2026-09-30 07:19:48.821Z,Testnet trade,70258.30000000,true,BELOW,aggregate trade ID 2008920
2026-09-30 07:19:48.825Z,Testnet trade,68994.63000000,true,BELOW,aggregate trade ID 2008921
2026-09-30 07:19:48.832Z,Testnet trade,68853.13000000,true,BELOW,aggregate trade ID 2008922
2026-09-30 07:19:48.832Z,Testnet trade,67800.00000000,true,BELOW,aggregate trade ID 2008923
2026-09-30 07:19:48.832Z,Testnet trade,67800.00000000,true,BELOW,aggregate trade ID 2008924
2026-09-30 07:19:48.832Z,Testnet trade,67800.00000000,true,BELOW,aggregate trade ID 2008925
2026-09-30 07:19:48.832Z,Testnet trade,67745.57000000,true,BELOW,aggregate trade ID 2008926
2026-09-30 07:19:48.832Z,Testnet trade,67668.11000000,true,BELOW,aggregate trade ID 2008927
2026-09-30 07:19:48.832Z,Testnet trade,67600.00000000,true,BELOW,aggregate trade ID 2008928
2026-09-30 07:19:48.832Z,Testnet trade,67583.71000000,true,BELOW,aggregate trade ID 2008929
2026-09-30 07:19:48.843Z,Testnet trade,67618.76000000,true,BELOW,aggregate trade ID 2008930
2026-09-30 07:19:48.861Z,Testnet trade,67618.76000000,true,BELOW,aggregate trade ID 2008931
2026-09-30 07:19:48.895Z,Testnet trade,67618.76000000,true,BELOW,aggregate trade ID 2008932
2026-09-30 07:19:48.900Z,Testnet trade,67618.76000000,true,BELOW,aggregate trade ID 2008933
2026-09-30 07:19:48.906Z,Testnet trade,67618.76000000,true,BELOW,aggregate trade ID 2008934
2026-09-30 07:19:48.914Z,Testnet trade,67618.76000000,true,BELOW,aggregate trade ID 2008935
2026-09-30 07:19:48.958Z,Testnet trade,67618.76000000,true,BELOW,aggregate trade ID 2008936
2026-09-30 07:19:48.965Z,Testnet trade,67618.76000000,true,BELOW,aggregate trade ID 2008937
2026-09-30 07:19:48.979Z,Testnet trade,67618.76000000,true,BELOW,aggregate trade ID 2008938
2026-09-30 07:19:48.980Z,Testnet trade,67618.76000000,true,BELOW,aggregate trade ID 2008939
2026-09-30 07:19:49.536Z,Testnet trade,67443.09000000,true,BELOW,aggregate trade ID 2008940
2026-09-30 07:19:49.536Z,Testnet trade,67618.76000000,true,BELOW,aggregate trade ID 2008941
2026-09-30 07:20:23.671Z,Testnet trade,67288.17000000,true,BELOW,aggregate trade ID 2008942
2026-09-30 07:20:23.671Z,Testnet trade,67286.32000000,true,BELOW,aggregate trade ID 2008943
2026-09-30 07:20:23.671Z,Testnet trade,67282.82000000,true,BELOW,aggregate trade ID 2008944
2026-09-30 07:20:23.671Z,Testnet trade,67280.67000000,true,BELOW,aggregate trade ID 2008945
2026-09-30 07:20:23.671Z,Testnet trade,67288.17000000,true,BELOW,aggregate trade ID 2008946
2026-09-30 07:20:23.671Z,Testnet trade,67288.17000000,true,BELOW,aggregate trade ID 2008947
2026-09-30 07:20:23.703Z,Testnet trade,67288.17000000,true,BELOW,aggregate trade ID 2008948
2026-09-30 07:20:23.872Z,Testnet trade,67288.17000000,true,BELOW,aggregate trade ID 2008949
2026-09-30 07:20:23.872Z,Testnet trade,67288.57000000,true,BELOW,aggregate trade ID 2008950
2026-09-30 07:20:23.872Z,Testnet trade,67321.29000000,true,BELOW,aggregate trade ID 2008951
2026-09-30 07:20:23.872Z,Testnet trade,67411.24000000,true,BELOW,aggregate trade ID 2008952
2026-09-30 07:20:23.872Z,Testnet trade,67618.76000000,true,BELOW,aggregate trade ID 2008953
2026-09-30 07:20:23.929Z,Testnet trade,67280.67000000,true,BELOW,aggregate trade ID 2008954
2026-09-30 07:20:23.929Z,Testnet trade,67250.77000000,true,BELOW,aggregate trade ID 2008955
2026-09-30 07:20:23.929Z,Testnet trade,67243.95000000,true,BELOW,aggregate trade ID 2008956
2026-09-30 07:20:23.956Z,Testnet trade,67243.95000000,true,BELOW,aggregate trade ID 2008957
2026-09-30 07:20:23.956Z,Testnet trade,67222.83000000,true,BELOW,aggregate trade ID 2008958
2026-09-30 07:20:23.956Z,Testnet trade,67200.00000000,true,BELOW,aggregate trade ID 2008959
2026-09-30 07:20:23.956Z,Testnet trade,67097.33000000,true,BELOW,aggregate trade ID 2008960
2026-09-30 07:20:24.009Z,Testnet trade,67483.44000000,true,BELOW,aggregate trade ID 2008961
2026-09-30 07:20:24.128Z,Testnet trade,67275.33000000,true,BELOW,aggregate trade ID 2008962
2026-09-30 07:20:24.174Z,Testnet trade,67171.24000000,true,BELOW,aggregate trade ID 2008963
2026-09-30 07:20:24.174Z,Testnet trade,67171.24000000,true,BELOW,aggregate trade ID 2008964
2026-09-30 07:20:24.174Z,Testnet trade,67171.26000000,true,BELOW,aggregate trade ID 2008965
2026-09-30 07:20:24.174Z,Testnet trade,67171.26000000,true,BELOW,aggregate trade ID 2008966
2026-09-30 07:20:24.193Z,Testnet trade,67000.00000000,true,BELOW,aggregate trade ID 2008967
2026-09-30 07:20:24.193Z,Testnet trade,66951.10000000,true,BELOW,aggregate trade ID 2008968
2026-09-30 07:20:24.193Z,Testnet trade,66942.57000000,true,BELOW,aggregate trade ID 2008969
2026-09-30 07:20:24.201Z,Testnet trade,67171.26000000,true,BELOW,aggregate trade ID 2008970
2026-09-30 07:20:24.201Z,Testnet trade,67618.76000000,true,BELOW,aggregate trade ID 2008971
2026-09-30 07:20:24.296Z,Testnet trade,67294.18000000,true,BELOW,aggregate trade ID 2008972
2026-09-30 07:20:24.296Z,Testnet trade,67618.76000000,true,BELOW,aggregate trade ID 2008973
2026-09-30 07:20:24.342Z,Testnet trade,67618.76000000,true,BELOW,aggregate trade ID 2008974
2026-09-30 07:20:24.411Z,Testnet trade,67294.18000000,true,BELOW,aggregate trade ID 2008975
2026-09-30 07:20:24.411Z,Testnet trade,67618.76000000,true,BELOW,aggregate trade ID 2008976
2026-09-30 07:20:24.411Z,Testnet trade,67618.76000000,true,BELOW,aggregate trade ID 2008977
2026-09-30 07:20:24.685Z,Testnet trade,67294.19000000,true,BELOW,aggregate trade ID 2008978
2026-09-30 07:20:24.971Z,Testnet trade,67226.93000000,true,BELOW,aggregate trade ID 2008979
2026-09-30 07:20:25.043Z,Testnet trade,67226.93000000,true,BELOW,aggregate trade ID 2008980
2026-09-30 07:20:25.308Z,Testnet trade,67226.93000000,true,BELOW,aggregate trade ID 2008981
2026-09-30 07:20:25.445Z,Testnet trade,67226.93000000,true,BELOW,aggregate trade ID 2008982
2026-09-30 07:20:25.514Z,Testnet trade,67226.93000000,true,BELOW,aggregate trade ID 2008983
2026-09-30 07:20:26.036Z,Testnet trade,67226.93000000,true,BELOW,aggregate trade ID 2008984
2026-09-30 07:20:26.138Z,Testnet trade,67226.93000000,true,BELOW,aggregate trade ID 2008985
2026-09-30 07:20:26.278Z,Testnet trade,67226.93000000,true,BELOW,aggregate trade ID 2008986
2026-09-30 07:20:26.470Z,Testnet trade,67294.19000000,true,BELOW,aggregate trade ID 2008987
2026-09-30 07:20:26.470Z,Testnet trade,67585.60000000,true,BELOW,aggregate trade ID 2008988
2026-09-30 07:20:26.617Z,Testnet trade,67585.60000000,true,BELOW,aggregate trade ID 2008989
2026-09-30 07:20:26.665Z,Testnet trade,67445.34000000,true,BELOW,aggregate trade ID 2008990
2026-09-30 07:20:26.665Z,Testnet trade,67445.32000000,true,BELOW,aggregate trade ID 2008991
2026-09-30 07:20:26.851Z,Testnet trade,67097.33000000,true,BELOW,aggregate trade ID 2008992
2026-09-30 07:20:26.851Z,Testnet trade,66913.10000000,true,BELOW,aggregate trade ID 2008993
2026-09-30 07:20:26.938Z,Testnet trade,66913.10000000,true,BELOW,aggregate trade ID 2008994
2026-09-30 07:20:26.938Z,Testnet trade,66913.08000000,true,BELOW,aggregate trade ID 2008995
2026-09-30 07:20:26.938Z,Testnet trade,66902.32000000,true,BELOW,aggregate trade ID 2008996
2026-09-30 07:20:26.938Z,Testnet trade,66875.00000000,true,BELOW,aggregate trade ID 2008997
2026-09-30 07:20:26.938Z,Testnet trade,66822.26000000,true,BELOW,aggregate trade ID 2008998
2026-09-30 07:20:26.938Z,Testnet trade,66800.00000000,true,BELOW,aggregate trade ID 2008999
2026-09-30 07:20:26.938Z,Testnet trade,66745.57000000,true,BELOW,aggregate trade ID 2009000
2026-09-30 07:20:26.938Z,Testnet trade,66742.40000000,true,BELOW,aggregate trade ID 2009001
2026-09-30 07:20:26.938Z,Testnet trade,66707.31000000,true,BELOW,aggregate trade ID 2009002
2026-09-30 07:20:26.938Z,Testnet trade,66604.48000000,true,BELOW,aggregate trade ID 2009003
2026-09-30 07:20:26.938Z,Testnet trade,66600.00000000,true,BELOW,aggregate trade ID 2009004
2026-09-30 07:20:26.938Z,Testnet trade,66600.00000000,true,BELOW,aggregate trade ID 2009005
2026-09-30 07:20:26.975Z,Testnet trade,67585.60000000,true,BELOW,aggregate trade ID 2009006
2026-09-30 07:20:27.032Z,Testnet trade,67585.60000000,true,BELOW,aggregate trade ID 2009007
2026-09-30 07:20:27.032Z,Testnet trade,67618.76000000,true,BELOW,aggregate trade ID 2009008
2026-09-30 07:20:27.184Z,bot journal,,,MARKET SELL CONFIRMED,0.0012 BTC
2026-09-30 07:20:27.293Z,Testnet trade,67618.76000000,true,BELOW,aggregate trade ID 2009009
2026-09-30 07:20:27.305Z,Testnet trade,67551.14000000,true,BELOW,aggregate trade ID 2009010
2026-09-30 07:20:27.305Z,Testnet trade,66853.45000000,true,BELOW,aggregate trade ID 2009011
2026-09-30 07:20:27.305Z,Testnet trade,66600.00000000,true,BELOW,aggregate trade ID 2009012
2026-09-30 07:20:27.305Z,Testnet trade,66512.29000000,true,BELOW,aggregate trade ID 2009013
2026-09-30 07:20:27.305Z,Testnet trade,66413.28000000,true,BELOW,aggregate trade ID 2009014
2026-09-30 07:20:27.411Z,Testnet trade,66400.00000000,true,BELOW,aggregate trade ID 2009015
2026-09-30 07:20:27.542Z,Testnet trade,67618.76000000,true,BELOW,aggregate trade ID 2009016
2026-09-30 07:20:27.591Z,Testnet trade,67226.93000000,true,BELOW,aggregate trade ID 2009017
2026-09-30 07:20:27.798Z,Testnet trade,67618.76000000,true,BELOW,aggregate trade ID 2009018
2026-09-30 07:20:27.977Z,Testnet trade,67226.93000000,true,BELOW,aggregate trade ID 2009019
2026-09-30 07:20:28.370Z,Testnet trade,67618.76000000,true,BELOW,aggregate trade ID 2009020
2026-09-30 07:20:28.376Z,Testnet trade,66294.39000000,true,BELOW,aggregate trade ID 2009021
2026-09-30 07:20:28.512Z,Testnet trade,67618.76000000,true,BELOW,aggregate trade ID 2009022
2026-09-30 07:20:28.870Z,Testnet trade,66990.06000000,true,BELOW,aggregate trade ID 2009023
2026-09-30 07:20:29.235Z,Testnet trade,66955.25000000,true,BELOW,aggregate trade ID 2009024
2026-09-30 07:20:29.477Z,Testnet trade,66957.10000000,true,BELOW,aggregate trade ID 2009025
2026-09-30 07:20:29.553Z,Testnet trade,66957.10000000,true,BELOW,aggregate trade ID 2009026
2026-09-30 07:20:29.897Z,Testnet trade,66955.25000000,true,BELOW,aggregate trade ID 2009027
2026-09-30 07:20:29.897Z,Testnet trade,66923.09000000,true,BELOW,aggregate trade ID 2009028
2026-09-30 07:20:29.897Z,Testnet trade,66294.39000000,true,BELOW,aggregate trade ID 2009029
2026-09-30 07:20:30.107Z,Testnet trade,66957.10000000,true,BELOW,aggregate trade ID 2009030
2026-09-30 07:20:30.107Z,Testnet trade,66990.06000000,true,BELOW,aggregate trade ID 2009031
2026-09-30 07:20:30.107Z,Testnet trade,67618.76000000,true,BELOW,aggregate trade ID 2009032
2026-09-30 07:20:30.112Z,Testnet trade,67618.76000000,true,BELOW,aggregate trade ID 2009033
2026-09-30 07:20:30.118Z,Testnet trade,67618.76000000,true,BELOW,aggregate trade ID 2009034
2026-09-30 07:20:30.136Z,Testnet trade,67047.60000000,true,BELOW,aggregate trade ID 2009035
2026-09-30 07:20:30.157Z,Testnet trade,66808.16000000,true,BELOW,aggregate trade ID 2009036
2026-09-30 07:20:30.157Z,Testnet trade,67047.60000000,true,BELOW,aggregate trade ID 2009037
2026-09-30 07:20:30.164Z,Testnet trade,67047.60000000,true,BELOW,aggregate trade ID 2009038
2026-09-30 07:20:30.177Z,Testnet trade,67047.60000000,true,BELOW,aggregate trade ID 2009039
2026-09-30 07:20:30.428Z,Testnet trade,66741.37000000,true,BELOW,aggregate trade ID 2009040
2026-09-30 07:20:30.428Z,Testnet trade,66380.40000000,true,BELOW,aggregate trade ID 2009041
2026-09-30 07:20:30.456Z,Testnet trade,66597.17000000,true,BELOW,aggregate trade ID 2009042
2026-09-30 07:20:30.492Z,Testnet trade,66597.17000000,true,BELOW,aggregate trade ID 2009043
2026-09-30 07:20:30.492Z,Testnet trade,67047.60000000,true,BELOW,aggregate trade ID 2009044
2026-09-30 07:20:30.493Z,Testnet trade,67047.60000000,true,BELOW,aggregate trade ID 2009045
2026-09-30 07:20:30.493Z,Testnet trade,67047.60000000,true,BELOW,aggregate trade ID 2009046
2026-09-30 07:20:30.736Z,Testnet trade,67047.60000000,true,BELOW,aggregate trade ID 2009047
2026-09-30 07:20:30.740Z,Testnet trade,67618.76000000,true,BELOW,aggregate trade ID 2009048
2026-09-30 07:20:30.749Z,Testnet trade,67618.76000000,true,BELOW,aggregate trade ID 2009049
2026-09-30 07:20:30.756Z,Testnet trade,67618.76000000,true,BELOW,aggregate trade ID 2009050
2026-09-30 07:20:30.769Z,Testnet trade,67618.76000000,true,BELOW,aggregate trade ID 2009051
2026-09-30 07:20:30.809Z,Testnet trade,67618.76000000,true,BELOW,aggregate trade ID 2009052
2026-09-30 07:20:30.819Z,Testnet trade,67618.76000000,true,BELOW,aggregate trade ID 2009053
2026-09-30 07:20:30.869Z,Testnet trade,67618.76000000,true,BELOW,aggregate trade ID 2009054
2026-09-30 07:20:30.879Z,Testnet trade,67618.76000000,true,BELOW,aggregate trade ID 2009055
2026-09-30 07:20:30.918Z,Testnet trade,67618.76000000,true,BELOW,aggregate trade ID 2009056
2026-09-30 07:20:30.927Z,Testnet trade,67618.76000000,true,BELOW,aggregate trade ID 2009057
2026-09-30 07:20:30.969Z,Testnet trade,67618.76000000,true,BELOW,aggregate trade ID 2009058
2026-09-30 07:20:30.978Z,Testnet trade,67618.76000000,true,BELOW,aggregate trade ID 2009059
2026-09-30 07:20:31.018Z,Testnet trade,67618.76000000,true,BELOW,aggregate trade ID 2009060
2026-09-30 07:20:31.027Z,Testnet trade,67618.76000000,true,BELOW,aggregate trade ID 2009061
2026-09-30 07:20:31.068Z,Testnet trade,67618.76000000,true,BELOW,aggregate trade ID 2009062
2026-09-30 07:20:31.078Z,Testnet trade,67618.76000000,true,BELOW,aggregate trade ID 2009063
2026-09-30 07:20:31.095Z,Testnet trade,67618.76000000,true,BELOW,aggregate trade ID 2009064
2026-09-30 07:20:31.122Z,Testnet trade,67618.76000000,true,BELOW,aggregate trade ID 2009065
2026-09-30 07:20:31.131Z,Testnet trade,67618.76000000,true,BELOW,aggregate trade ID 2009066
2026-09-30 07:20:31.131Z,Testnet trade,67624.00000000,true,BELOW,aggregate trade ID 2009067
2026-09-30 07:20:31.158Z,Testnet trade,67624.00000000,true,BELOW,aggregate trade ID 2009068
2026-09-30 07:20:31.158Z,Testnet trade,67624.40000000,true,BELOW,aggregate trade ID 2009069
2026-09-30 07:20:31.289Z,Testnet trade,66380.40000000,true,BELOW,aggregate trade ID 2009070
2026-09-30 07:20:31.289Z,Testnet trade,66294.39000000,true,BELOW,aggregate trade ID 2009071
2026-09-30 07:20:31.289Z,Testnet trade,66266.38000000,true,BELOW,aggregate trade ID 2009072
2026-09-30 07:20:31.289Z,Testnet trade,66128.89000000,true,BELOW,aggregate trade ID 2009073
2026-09-30 07:20:31.289Z,Testnet trade,66106.48000000,true,BELOW,aggregate trade ID 2009074
2026-09-30 07:20:31.289Z,Testnet trade,66000.00000000,true,BELOW,aggregate trade ID 2009075
2026-09-30 07:20:31.327Z,Testnet trade,67624.40000000,true,BELOW,aggregate trade ID 2009076
2026-09-30 07:20:31.388Z,Testnet trade,67624.40000000,true,BELOW,aggregate trade ID 2009077
2026-09-30 07:20:31.388Z,Testnet trade,67629.20000000,true,BELOW,aggregate trade ID 2009078
2026-09-30 07:20:31.587Z,Testnet trade,67629.20000000,true,BELOW,aggregate trade ID 2009079
2026-09-30 07:20:31.988Z,Testnet trade,66294.39000000,true,BELOW,aggregate trade ID 2009080
2026-09-30 07:20:31.988Z,Testnet trade,66000.00000000,true,BELOW,aggregate trade ID 2009081
2026-09-30 07:20:31.988Z,Testnet trade,65976.40000000,true,BELOW,aggregate trade ID 2009082
2026-09-30 07:20:31.988Z,Testnet trade,65928.29000000,true,BELOW,aggregate trade ID 2009083
2026-09-30 07:20:31.988Z,Testnet trade,65745.57000000,true,BELOW,aggregate trade ID 2009084
2026-09-30 07:20:32.009Z,Testnet trade,65919.25000000,true,BELOW,aggregate trade ID 2009085
2026-09-30 07:20:32.009Z,Testnet trade,65919.25000000,true,BELOW,aggregate trade ID 2009086
2026-09-30 07:20:32.010Z,Testnet trade,65919.25000000,true,BELOW,aggregate trade ID 2009087
2026-09-30 07:20:32.095Z,Testnet trade,65919.25000000,true,BELOW,aggregate trade ID 2009088
2026-09-30 07:20:32.174Z,Testnet trade,65919.25000000,true,BELOW,aggregate trade ID 2009089
2026-09-30 07:20:32.174Z,Testnet trade,67629.20000000,true,BELOW,aggregate trade ID 2009090
2026-09-30 07:20:32.174Z,Testnet trade,67645.60000000,true,BELOW,aggregate trade ID 2009091
2026-09-30 07:20:32.174Z,Testnet trade,67648.57000000,true,BELOW,aggregate trade ID 2009092
2026-09-30 07:20:32.174Z,Testnet trade,67686.38000000,true,BELOW,aggregate trade ID 2009093
2026-09-30 07:20:32.174Z,Testnet trade,68294.95000000,true,BELOW,aggregate trade ID 2009094
2026-09-30 07:20:32.174Z,Testnet trade,68400.00000000,true,BELOW,aggregate trade ID 2009095
2026-09-30 07:20:32.174Z,Testnet trade,68971.14000000,true,BELOW,aggregate trade ID 2009096
2026-09-30 07:20:32.174Z,Testnet trade,69000.00000000,true,BELOW,aggregate trade ID 2009097
2026-09-30 07:20:32.174Z,Testnet trade,69600.00000000,true,BELOW,aggregate trade ID 2009098
2026-09-30 07:20:32.174Z,Testnet trade,69647.32000000,true,BELOW,aggregate trade ID 2009099
2026-09-30 07:20:32.174Z,Testnet trade,70081.40000000,true,BELOW,aggregate trade ID 2009100
2026-09-30 07:20:32.174Z,Testnet trade,70091.23000000,true,BELOW,aggregate trade ID 2009101
2026-09-30 07:20:32.174Z,Testnet trade,70200.00000000,true,BELOW,aggregate trade ID 2009102
2026-09-30 07:20:32.174Z,Testnet trade,70230.19000000,true,BELOW,aggregate trade ID 2009103
2026-09-30 07:20:32.174Z,Testnet trade,70323.51000000,true,BELOW,aggregate trade ID 2009104
2026-09-30 07:20:32.174Z,Testnet trade,70323.52000000,true,BELOW,aggregate trade ID 2009105
2026-09-30 07:20:32.174Z,Testnet trade,70404.99000000,true,BELOW,aggregate trade ID 2009106
2026-09-30 07:20:32.174Z,Testnet trade,70657.30000000,true,BELOW,aggregate trade ID 2009107
2026-09-30 07:20:32.174Z,Testnet trade,70800.00000000,true,BELOW,aggregate trade ID 2009108
2026-09-30 07:20:32.174Z,Testnet trade,71017.78000000,true,BELOW,aggregate trade ID 2009109
2026-09-30 07:20:32.174Z,Testnet trade,71341.61000000,true,BELOW,aggregate trade ID 2009110
2026-09-30 07:20:32.174Z,Testnet trade,71400.00000000,true,BELOW,aggregate trade ID 2009111
2026-09-30 07:20:32.174Z,Testnet trade,71596.56000000,true,BELOW,aggregate trade ID 2009112
2026-09-30 07:20:32.174Z,Testnet trade,71663.46000000,true,BELOW,aggregate trade ID 2009113
2026-09-30 07:20:32.174Z,Testnet trade,71675.90000000,true,BELOW,aggregate trade ID 2009114
2026-09-30 07:20:32.174Z,Testnet trade,71829.26000000,true,BELOW,aggregate trade ID 2009115
2026-09-30 07:20:32.174Z,Testnet trade,72000.00000000,true,BELOW,aggregate trade ID 2009116
2026-09-30 07:20:32.174Z,Testnet trade,72008.83000000,true,BELOW,aggregate trade ID 2009117
2026-09-30 07:20:32.174Z,Testnet trade,72188.86000000,true,BELOW,aggregate trade ID 2009118
2026-09-30 07:20:32.174Z,Testnet trade,72313.81000000,true,BELOW,aggregate trade ID 2009119
2026-09-30 07:20:32.174Z,Testnet trade,72369.33000000,true,BELOW,aggregate trade ID 2009120
2026-09-30 07:20:32.174Z,Testnet trade,72550.25000000,true,BELOW,aggregate trade ID 2009121
2026-09-30 07:20:32.174Z,Testnet trade,72586.67000000,true,BELOW,aggregate trade ID 2009122
2026-09-30 07:20:32.174Z,Testnet trade,72600.00000000,true,BELOW,aggregate trade ID 2009123
2026-09-30 07:20:32.174Z,Testnet trade,72614.29000000,true,BELOW,aggregate trade ID 2009124
2026-09-30 07:20:32.174Z,Testnet trade,72634.19000000,true,BELOW,aggregate trade ID 2009125
2026-09-30 07:20:32.174Z,Testnet trade,73028.28000000,true,BELOW,aggregate trade ID 2009126
2026-09-30 07:20:32.174Z,Testnet trade,73200.00000000,true,BELOW,aggregate trade ID 2009127
2026-09-30 07:20:32.174Z,Testnet trade,73800.00000000,true,BELOW,aggregate trade ID 2009128
2026-09-30 07:20:32.174Z,Testnet trade,73909.68000000,true,BELOW,aggregate trade ID 2009129
2026-09-30 07:20:32.174Z,Testnet trade,74264.35000000,true,BELOW,aggregate trade ID 2009130
2026-09-30 07:20:32.174Z,Testnet trade,74400.00000000,true,BELOW,aggregate trade ID 2009131
2026-09-30 07:20:32.174Z,Testnet trade,74416.85000000,true,BELOW,aggregate trade ID 2009132
2026-09-30 07:20:32.174Z,Testnet trade,75000.00000000,true,BELOW,aggregate trade ID 2009133
2026-09-30 07:20:32.174Z,Testnet trade,75228.17000000,true,BELOW,aggregate trade ID 2009134
2026-09-30 07:20:32.174Z,Testnet trade,75263.42000000,true,BELOW,aggregate trade ID 2009135
2026-09-30 07:20:32.174Z,Testnet trade,75600.00000000,true,BELOW,aggregate trade ID 2009136
2026-09-30 07:20:32.174Z,Testnet trade,75747.08000000,true,BELOW,aggregate trade ID 2009137
2026-09-30 07:20:32.174Z,Testnet trade,75815.56000000,true,BELOW,aggregate trade ID 2009138
2026-09-30 07:20:32.174Z,Testnet trade,76200.00000000,true,BELOW,aggregate trade ID 2009139
2026-09-30 07:20:32.174Z,Testnet trade,76262.49000000,true,BELOW,aggregate trade ID 2009140
2026-09-30 07:20:32.174Z,Testnet trade,76392.28000000,true,BELOW,aggregate trade ID 2009141
2026-09-30 07:20:32.174Z,Testnet trade,76570.18000000,true,BELOW,aggregate trade ID 2009142
2026-09-30 07:20:32.174Z,Testnet trade,76581.05000000,true,BELOW,aggregate trade ID 2009143
2026-09-30 07:20:32.174Z,Testnet trade,76784.71000000,true,BELOW,aggregate trade ID 2009144
2026-09-30 07:20:32.174Z,Testnet trade,77241.09000000,true,BELOW,aggregate trade ID 2009145
2026-09-30 07:20:32.174Z,Testnet trade,77261.56000000,true,BELOW,aggregate trade ID 2009146
2026-09-30 07:20:32.174Z,Testnet trade,77822.34000000,true,BELOW,aggregate trade ID 2009147
2026-09-30 07:20:32.174Z,Testnet trade,77896.03000000,true,BELOW,aggregate trade ID 2009148
2026-09-30 07:20:32.174Z,Testnet trade,77936.14000000,true,BELOW,aggregate trade ID 2009149
2026-09-30 07:20:32.174Z,Testnet trade,78089.89000000,true,BELOW,aggregate trade ID 2009150
2026-09-30 07:20:32.174Z,Testnet trade,78133.33000000,true,BELOW,aggregate trade ID 2009151
2026-09-30 07:20:32.174Z,Testnet trade,78219.26000000,true,BELOW,aggregate trade ID 2009152
2026-09-30 07:20:32.174Z,Testnet trade,78260.63000000,true,BELOW,aggregate trade ID 2009153
2026-09-30 07:20:32.174Z,Testnet trade,78266.66000000,true,BELOW,aggregate trade ID 2009154
2026-09-30 07:20:32.174Z,Testnet trade,78400.00000000,true,BELOW,aggregate trade ID 2009155
2026-09-30 07:20:32.174Z,Testnet trade,78533.33000000,true,BELOW,aggregate trade ID 2009156
2026-09-30 07:20:32.174Z,Testnet trade,78666.66000000,true,BELOW,aggregate trade ID 2009157
2026-09-30 07:20:32.174Z,Testnet trade,78800.00000000,true,BELOW,aggregate trade ID 2009158
2026-09-30 07:20:32.174Z,Testnet trade,78804.18000000,true,BELOW,aggregate trade ID 2009159
2026-09-30 07:20:32.174Z,Testnet trade,78808.19000000,true,BELOW,aggregate trade ID 2009160
2026-09-30 07:20:32.174Z,Testnet trade,78859.98000000,true,BELOW,aggregate trade ID 2009161
2026-09-30 07:20:32.174Z,Testnet trade,78912.18000000,true,BELOW,aggregate trade ID 2009162
2026-09-30 07:20:32.174Z,Testnet trade,78933.33000000,true,BELOW,aggregate trade ID 2009163
2026-09-30 07:20:32.174Z,Testnet trade,78938.70000000,true,BELOW,aggregate trade ID 2009164
2026-09-30 07:20:32.174Z,Testnet trade,78964.61000000,true,BELOW,aggregate trade ID 2009165
2026-09-30 07:20:32.174Z,Testnet trade,78965.91000000,true,BELOW,aggregate trade ID 2009166
2026-09-30 07:20:32.174Z,Testnet trade,78969.71000000,true,BELOW,aggregate trade ID 2009167
2026-09-30 07:20:32.174Z,Testnet trade,78990.46000000,true,BELOW,aggregate trade ID 2009168
2026-09-30 07:20:32.174Z,Testnet trade,79044.44000000,true,BELOW,aggregate trade ID 2009169
2026-09-30 07:20:32.174Z,Testnet trade,79062.60000000,true,BELOW,aggregate trade ID 2009170
2026-09-30 07:20:32.313Z,Testnet trade,72369.32000000,true,BELOW,aggregate trade ID 2009171
2026-09-30 07:20:32.428Z,Testnet trade,72731.62000000,true,BELOW,aggregate trade ID 2009172
2026-09-30 07:20:32.429Z,Testnet trade,72731.62000000,true,BELOW,aggregate trade ID 2009173
2026-09-30 07:20:32.513Z,Testnet trade,72731.62000000,true,BELOW,aggregate trade ID 2009174
2026-09-30 07:20:32.513Z,Testnet trade,72731.62000000,true,BELOW,aggregate trade ID 2009175
2026-09-30 07:20:32.513Z,Testnet trade,72731.62000000,true,BELOW,aggregate trade ID 2009176
2026-09-30 07:20:32.578Z,Testnet trade,72586.53000000,true,BELOW,aggregate trade ID 2009177
2026-09-30 07:20:32.578Z,Testnet trade,72731.62000000,true,BELOW,aggregate trade ID 2009178
2026-09-30 07:20:32.749Z,Testnet trade,72695.38000000,true,BELOW,aggregate trade ID 2009179
2026-09-30 07:20:32.749Z,Testnet trade,72731.62000000,true,BELOW,aggregate trade ID 2009180
2026-09-30 07:20:32.749Z,Testnet trade,72731.62000000,true,BELOW,aggregate trade ID 2009181
2026-09-30 07:20:32.777Z,Testnet trade,72586.47000000,true,BELOW,aggregate trade ID 2009182
2026-09-30 07:20:32.777Z,Testnet trade,72368.87000000,true,BELOW,aggregate trade ID 2009183
2026-09-30 07:20:32.777Z,Testnet trade,72313.81000000,true,BELOW,aggregate trade ID 2009184
2026-09-30 07:20:32.777Z,Testnet trade,72187.95000000,true,BELOW,aggregate trade ID 2009185
2026-09-30 07:20:32.777Z,Testnet trade,72007.48000000,true,BELOW,aggregate trade ID 2009186
2026-09-30 07:20:32.777Z,Testnet trade,71827.46000000,true,BELOW,aggregate trade ID 2009187
2026-09-30 07:20:32.777Z,Testnet trade,71647.89000000,true,BELOW,aggregate trade ID 2009188
2026-09-30 07:20:32.777Z,Testnet trade,70270.21000000,true,BELOW,aggregate trade ID 2009189
2026-09-30 07:20:32.777Z,Testnet trade,65590.20000000,true,BELOW,aggregate trade ID 2009190
2026-09-30 07:20:32.777Z,Testnet trade,65559.56000000,true,BELOW,aggregate trade ID 2009191
2026-09-30 07:20:32.777Z,Testnet trade,65559.56000000,true,BELOW,aggregate trade ID 2009192
2026-09-30 07:20:32.837Z,Testnet trade,66853.45000000,true,BELOW,aggregate trade ID 2009193
2026-09-30 07:20:32.946Z,Testnet trade,71468.77000000,true,BELOW,aggregate trade ID 2009194
2026-09-30 07:20:33.024Z,Testnet trade,72547.97000000,true,BELOW,aggregate trade ID 2009195
2026-09-30 07:20:33.024Z,Testnet trade,72313.81000000,true,BELOW,aggregate trade ID 2009196
2026-09-30 07:20:33.024Z,Testnet trade,72313.81000000,true,BELOW,aggregate trade ID 2009197
2026-09-30 07:20:33.024Z,Testnet trade,72547.97000000,true,BELOW,aggregate trade ID 2009198
2026-09-30 07:20:33.026Z,Testnet trade,72547.97000000,true,BELOW,aggregate trade ID 2009199
2026-09-30 07:20:33.026Z,Testnet trade,72549.79000000,true,BELOW,aggregate trade ID 2009200
2026-09-30 07:20:33.026Z,Testnet trade,72731.16000000,true,BELOW,aggregate trade ID 2009201
2026-09-30 07:20:33.026Z,Testnet trade,72912.99000000,true,BELOW,aggregate trade ID 2009202
2026-09-30 07:20:33.026Z,Testnet trade,73095.27000000,true,BELOW,aggregate trade ID 2009203
2026-09-30 07:20:33.026Z,Testnet trade,78808.19000000,true,BELOW,aggregate trade ID 2009204
2026-09-30 07:20:33.026Z,Testnet trade,79062.60000000,true,BELOW,aggregate trade ID 2009205
2026-09-30 07:20:33.026Z,Testnet trade,79066.66000000,true,BELOW,aggregate trade ID 2009206
2026-09-30 07:20:33.026Z,Testnet trade,79198.20000000,true,BELOW,aggregate trade ID 2009207
2026-09-30 07:20:33.026Z,Testnet trade,79200.00000000,true,BELOW,aggregate trade ID 2009208
2026-09-30 07:20:33.026Z,Testnet trade,79326.46000000,true,BELOW,aggregate trade ID 2009209
2026-09-30 07:20:33.033Z,Testnet trade,71468.77000000,true,BELOW,aggregate trade ID 2009210
2026-09-30 07:20:33.095Z,Testnet trade,79326.46000000,true,BELOW,aggregate trade ID 2009211
2026-09-30 07:20:33.284Z,Testnet trade,76892.97000000,true,BELOW,aggregate trade ID 2009212
2026-09-30 07:20:33.510Z,Testnet trade,76800.00000000,true,BELOW,aggregate trade ID 2009213
2026-09-30 07:20:33.511Z,Testnet trade,76800.00000000,true,BELOW,aggregate trade ID 2009214
2026-09-30 07:20:33.511Z,Testnet trade,76800.00000000,true,BELOW,aggregate trade ID 2009215
2026-09-30 07:20:33.578Z,Testnet trade,76581.05000000,true,BELOW,aggregate trade ID 2009216
2026-09-30 07:20:33.668Z,Testnet trade,76800.00000000,true,BELOW,aggregate trade ID 2009217
2026-09-30 07:20:33.753Z,Testnet trade,76800.00000000,true,BELOW,aggregate trade ID 2009218
2026-09-30 07:20:33.753Z,Testnet trade,76800.00000000,true,BELOW,aggregate trade ID 2009219
2026-09-30 07:20:33.983Z,Testnet trade,76581.05000000,true,BELOW,aggregate trade ID 2009220
2026-09-30 07:20:33.983Z,Testnet trade,71468.77000000,true,BELOW,aggregate trade ID 2009221
2026-09-30 07:20:33.983Z,Testnet trade,70270.21000000,true,BELOW,aggregate trade ID 2009222
2026-09-30 07:20:33.983Z,Testnet trade,66106.48000000,true,BELOW,aggregate trade ID 2009223
2026-09-30 07:20:33.983Z,Testnet trade,65745.57000000,true,BELOW,aggregate trade ID 2009224
2026-09-30 07:20:33.983Z,Testnet trade,65559.56000000,true,BELOW,aggregate trade ID 2009225
2026-09-30 07:20:34.017Z,Testnet trade,76800.00000000,true,BELOW,aggregate trade ID 2009226
2026-09-30 07:20:34.057Z,Testnet trade,67447.33000000,true,BELOW,aggregate trade ID 2009227
2026-09-30 07:20:34.078Z,Testnet trade,76800.00000000,true,BELOW,aggregate trade ID 2009228
2026-09-30 07:20:34.092Z,Testnet trade,76800.00000000,true,BELOW,aggregate trade ID 2009229
2026-09-30 07:20:34.117Z,Testnet trade,76800.00000000,true,BELOW,aggregate trade ID 2009230
2026-09-30 07:20:34.233Z,Testnet trade,76800.00000000,true,BELOW,aggregate trade ID 2009231
2026-09-30 07:20:34.269Z,Testnet trade,72313.81000000,true,BELOW,aggregate trade ID 2009232
2026-09-30 07:20:34.287Z,Testnet trade,76800.00000000,true,BELOW,aggregate trade ID 2009233
2026-09-30 07:20:34.342Z,Testnet trade,70117.62000000,true,BELOW,aggregate trade ID 2009234
2026-09-30 07:20:34.342Z,Testnet trade,67600.41000000,true,BELOW,aggregate trade ID 2009235
2026-09-30 07:20:34.342Z,Testnet trade,65559.56000000,true,BELOW,aggregate trade ID 2009236
2026-09-30 07:20:34.476Z,Testnet trade,76800.00000000,true,BELOW,aggregate trade ID 2009237
2026-09-30 07:20:34.517Z,Testnet trade,73566.03000000,true,BELOW,aggregate trade ID 2009238
2026-09-30 07:20:34.623Z,Testnet trade,76800.00000000,true,BELOW,aggregate trade ID 2009239
2026-09-30 07:20:34.646Z,Testnet trade,78808.19000000,true,BELOW,aggregate trade ID 2009240
2026-09-30 07:20:34.646Z,Testnet trade,79326.46000000,true,BELOW,aggregate trade ID 2009241
2026-09-30 07:20:34.646Z,Testnet trade,79333.33000000,true,BELOW,aggregate trade ID 2009242
2026-09-30 07:20:34.646Z,Testnet trade,79466.66000000,true,BELOW,aggregate trade ID 2009243
2026-09-30 07:20:34.646Z,Testnet trade,79594.19000000,true,BELOW,aggregate trade ID 2009244
2026-09-30 07:20:34.646Z,Testnet trade,79597.88000000,true,BELOW,aggregate trade ID 2009245
2026-09-30 07:20:34.646Z,Testnet trade,79600.00000000,true,BELOW,aggregate trade ID 2009246
2026-09-30 07:20:34.646Z,Testnet trade,79709.97000000,true,BELOW,aggregate trade ID 2009247
2026-09-30 07:20:34.709Z,Testnet trade,79709.97000000,true,BELOW,aggregate trade ID 2009248
2026-09-30 07:20:34.709Z,Testnet trade,79733.33000000,true,BELOW,aggregate trade ID 2009249
2026-09-30 07:20:34.709Z,Testnet trade,79784.04000000,true,BELOW,aggregate trade ID 2009250
2026-09-30 07:20:34.709Z,Testnet trade,79787.50000000,true,BELOW,aggregate trade ID 2009251
2026-09-30 07:20:34.881Z,Testnet trade,78912.18000000,true,BELOW,aggregate trade ID 2009252
2026-09-30 07:20:34.881Z,Testnet trade,79787.50000000,true,BELOW,aggregate trade ID 2009253
2026-09-30 07:20:34.927Z,Testnet trade,78818.75000000,true,BELOW,aggregate trade ID 2009254
2026-09-30 07:20:34.980Z,Testnet trade,78818.75000000,true,BELOW,aggregate trade ID 2009255
2026-09-30 07:20:34.980Z,Testnet trade,78804.18000000,true,BELOW,aggregate trade ID 2009256
2026-09-30 07:20:34.980Z,Testnet trade,76581.05000000,true,BELOW,aggregate trade ID 2009257
2026-09-30 07:20:34.980Z,Testnet trade,73566.03000000,true,BELOW,aggregate trade ID 2009258
2026-09-30 07:20:35.015Z,Testnet trade,77281.02000000,true,BELOW,aggregate trade ID 2009259
2026-09-30 07:20:35.015Z,Testnet trade,79787.50000000,true,BELOW,aggregate trade ID 2009260
2026-09-30 07:20:35.015Z,Testnet trade,79861.67000000,true,BELOW,aggregate trade ID 2009261
2026-09-30 07:20:35.015Z,Testnet trade,79866.66000000,true,BELOW,aggregate trade ID 2009262
2026-09-30 07:20:35.015Z,Testnet trade,79897.61000000,true,BELOW,aggregate trade ID 2009263
2026-09-30 07:20:35.015Z,Testnet trade,79941.58000000,true,BELOW,aggregate trade ID 2009264
2026-09-30 07:20:35.015Z,Testnet trade,79959.83000000,true,BELOW,aggregate trade ID 2009265
2026-09-30 07:20:35.015Z,Testnet trade,79992.16000000,true,BELOW,aggregate trade ID 2009266
2026-09-30 07:20:35.015Z,Testnet trade,80000.00000000,true,BELOW,aggregate trade ID 2009267
2026-09-30 07:20:35.015Z,Testnet trade,80062.61000000,true,BELOW,aggregate trade ID 2009268
2026-09-30 07:20:35.015Z,Testnet trade,80125.98000000,true,BELOW,aggregate trade ID 2009269
2026-09-30 07:20:35.015Z,Testnet trade,80133.33000000,true,BELOW,aggregate trade ID 2009270
2026-09-30 07:20:35.015Z,Testnet trade,80170.03000000,true,BELOW,aggregate trade ID 2009271
2026-09-30 07:20:35.015Z,Testnet trade,80266.66000000,true,BELOW,aggregate trade ID 2009272
2026-09-30 07:20:35.015Z,Testnet trade,80392.12000000,true,BELOW,aggregate trade ID 2009273
2026-09-30 07:20:35.015Z,Testnet trade,80400.00000000,true,BELOW,aggregate trade ID 2009274
2026-09-30 07:20:35.015Z,Testnet trade,80455.33000000,true,BELOW,aggregate trade ID 2009275
2026-09-30 07:20:35.015Z,Testnet trade,80533.33000000,true,BELOW,aggregate trade ID 2009276
2026-09-30 07:20:35.015Z,Testnet trade,80545.22000000,true,BELOW,aggregate trade ID 2009277
2026-09-30 07:20:35.015Z,Testnet trade,80611.12000000,true,BELOW,aggregate trade ID 2009278
2026-09-30 07:20:35.015Z,Testnet trade,80636.30000000,true,BELOW,aggregate trade ID 2009279
2026-09-30 07:20:35.226Z,Testnet trade,79279.10000000,true,BELOW,aggregate trade ID 2009280
2026-09-30 07:20:35.258Z,Testnet trade,79279.10000000,true,BELOW,aggregate trade ID 2009281
2026-09-30 07:20:35.476Z,Testnet trade,79279.10000000,true,BELOW,aggregate trade ID 2009282
2026-09-30 07:20:35.476Z,Testnet trade,79198.20000000,true,BELOW,aggregate trade ID 2009283
2026-09-30 07:20:35.481Z,Testnet trade,79198.20000000,true,BELOW,aggregate trade ID 2009284
2026-09-30 07:20:35.562Z,Testnet trade,79198.20000000,true,BELOW,aggregate trade ID 2009285
2026-09-30 07:20:35.617Z,Testnet trade,79198.20000000,true,BELOW,aggregate trade ID 2009286
2026-09-30 07:20:35.617Z,Testnet trade,77896.03000000,true,BELOW,aggregate trade ID 2009287
2026-09-30 07:20:35.617Z,Testnet trade,76581.05000000,true,BELOW,aggregate trade ID 2009288
2026-09-30 07:20:35.677Z,Testnet trade,78912.18000000,true,BELOW,aggregate trade ID 2009289
2026-09-30 07:20:35.697Z,Testnet trade,77400.00000000,true,BELOW,aggregate trade ID 2009290
2026-09-30 07:20:35.763Z,Testnet trade,77400.00000000,true,BELOW,aggregate trade ID 2009291
2026-09-30 07:20:35.817Z,Testnet trade,77400.00000000,true,BELOW,aggregate trade ID 2009292
2026-09-30 07:20:35.874Z,Testnet trade,76581.05000000,true,BELOW,aggregate trade ID 2009293
2026-09-30 07:20:35.874Z,Testnet trade,73278.66000000,true,BELOW,aggregate trade ID 2009294
2026-09-30 07:20:35.979Z,Testnet trade,73278.66000000,true,BELOW,aggregate trade ID 2009295
2026-09-30 07:20:35.979Z,Testnet trade,72991.29000000,true,BELOW,aggregate trade ID 2009296
2026-09-30 07:20:36.027Z,Testnet trade,72991.29000000,true,BELOW,aggregate trade ID 2009297
2026-09-30 07:20:36.027Z,Testnet trade,72586.67000000,true,BELOW,aggregate trade ID 2009298
2026-09-30 07:20:36.027Z,Testnet trade,71080.30000000,true,BELOW,aggregate trade ID 2009299
2026-09-30 07:20:36.027Z,Testnet trade,70692.36000000,true,BELOW,aggregate trade ID 2009300
2026-09-30 07:20:36.027Z,Testnet trade,70404.99000000,true,BELOW,aggregate trade ID 2009301
2026-09-30 07:20:36.027Z,Testnet trade,70270.21000000,true,BELOW,aggregate trade ID 2009302
2026-09-30 07:20:36.027Z,Testnet trade,69357.78000000,true,BELOW,aggregate trade ID 2009303
2026-09-30 07:20:36.178Z,Testnet trade,73020.64000000,true,BELOW,aggregate trade ID 2009304
2026-09-30 07:20:36.233Z,Testnet trade,73020.64000000,true,BELOW,aggregate trade ID 2009305
2026-09-30 07:20:36.233Z,Testnet trade,77400.00000000,true,BELOW,aggregate trade ID 2009306
2026-09-30 07:20:36.261Z,Testnet trade,77400.00000000,true,BELOW,aggregate trade ID 2009307
2026-09-30 07:20:36.417Z,Testnet trade,72313.81000000,true,BELOW,aggregate trade ID 2009308
2026-09-30 07:20:36.417Z,Testnet trade,77400.00000000,true,BELOW,aggregate trade ID 2009309
2026-09-30 07:20:36.672Z,Testnet trade,72703.93000000,true,BELOW,aggregate trade ID 2009310
2026-09-30 07:20:36.672Z,Testnet trade,70979.72000000,true,BELOW,aggregate trade ID 2009311
2026-09-30 07:20:36.672Z,Testnet trade,70270.21000000,true,BELOW,aggregate trade ID 2009312
2026-09-30 07:20:36.672Z,Testnet trade,69357.78000000,true,BELOW,aggregate trade ID 2009313
2026-09-30 07:20:36.708Z,Testnet trade,73237.75000000,true,BELOW,aggregate trade ID 2009314
2026-09-30 07:20:36.708Z,Testnet trade,77400.00000000,true,BELOW,aggregate trade ID 2009315
2026-09-30 07:20:37.023Z,Testnet trade,72313.81000000,true,BELOW,aggregate trade ID 2009316
2026-09-30 07:20:37.023Z,Testnet trade,77400.00000000,true,BELOW,aggregate trade ID 2009317
2026-09-30 07:20:37.023Z,Testnet trade,78808.19000000,true,BELOW,aggregate trade ID 2009318
2026-09-30 07:20:37.023Z,Testnet trade,79289.05000000,true,BELOW,aggregate trade ID 2009319
2026-09-30 07:20:37.023Z,Testnet trade,79381.40000000,true,BELOW,aggregate trade ID 2009320
2026-09-30 07:20:37.023Z,Testnet trade,79473.15000000,true,BELOW,aggregate trade ID 2009321
2026-09-30 07:20:37.023Z,Testnet trade,79560.79000000,true,BELOW,aggregate trade ID 2009322
2026-09-30 07:20:37.023Z,Testnet trade,79941.58000000,true,BELOW,aggregate trade ID 2009323
2026-09-30 07:20:37.023Z,Testnet trade,80076.00000000,true,BELOW,aggregate trade ID 2009324
2026-09-30 07:20:37.023Z,Testnet trade,80636.30000000,true,BELOW,aggregate trade ID 2009325
2026-09-30 07:20:37.023Z,Testnet trade,80666.66000000,true,BELOW,aggregate trade ID 2009326
2026-09-30 07:20:37.023Z,Testnet trade,80666.67000000,true,BELOW,aggregate trade ID 2009327
2026-09-30 07:20:37.023Z,Testnet trade,80691.77000000,true,BELOW,aggregate trade ID 2009328
2026-09-30 07:20:37.023Z,Testnet trade,80705.95000000,true,BELOW,aggregate trade ID 2009329
2026-09-30 07:20:37.023Z,Testnet trade,80741.59000000,true,BELOW,aggregate trade ID 2009330
2026-09-30 07:20:37.023Z,Testnet trade,80756.99000000,true,BELOW,aggregate trade ID 2009331
2026-09-30 07:20:37.023Z,Testnet trade,80772.51000000,true,BELOW,aggregate trade ID 2009332
2026-09-30 07:20:37.023Z,Testnet trade,80776.05000000,true,BELOW,aggregate trade ID 2009333
2026-09-30 07:20:37.023Z,Testnet trade,80787.60000000,true,BELOW,aggregate trade ID 2009334
2026-09-30 07:20:37.183Z,Testnet trade,71267.09000000,true,BELOW,aggregate trade ID 2009335
2026-09-30 07:20:37.183Z,Testnet trade,70800.37000000,true,BELOW,aggregate trade ID 2009336
2026-09-30 07:20:37.183Z,Testnet trade,69357.78000000,true,BELOW,aggregate trade ID 2009337
2026-09-30 07:20:37.183Z,Testnet trade,67618.76000000,true,BELOW,aggregate trade ID 2009338
2026-09-30 07:20:37.183Z,Testnet trade,65559.56000000,true,BELOW,aggregate trade ID 2009339
2026-09-30 07:20:37.222Z,Testnet trade,73454.86000000,true,BELOW,aggregate trade ID 2009340
2026-09-30 07:20:37.273Z,Testnet trade,73454.86000000,true,BELOW,aggregate trade ID 2009341
2026-09-30 07:20:37.448Z,Testnet trade,73454.86000000,true,BELOW,aggregate trade ID 2009342
2026-09-30 07:20:37.448Z,Testnet trade,73671.97000000,true,BELOW,aggregate trade ID 2009343
2026-09-30 07:20:37.518Z,Testnet trade,78912.18000000,true,BELOW,aggregate trade ID 2009344
2026-09-30 07:20:37.576Z,Testnet trade,72991.29000000,true,BELOW,aggregate trade ID 2009345
2026-09-30 07:20:37.721Z,Testnet trade,72991.29000000,true,BELOW,aggregate trade ID 2009346
2026-09-30 07:20:37.721Z,Testnet trade,72416.56000000,true,BELOW,aggregate trade ID 2009347
2026-09-30 07:20:37.721Z,Testnet trade,72407.36000000,true,BELOW,aggregate trade ID 2009348
2026-09-30 07:20:37.845Z,Testnet trade,73889.08000000,true,BELOW,aggregate trade ID 2009349
2026-09-30 07:20:37.845Z,Testnet trade,78808.19000000,true,BELOW,aggregate trade ID 2009350
2026-09-30 07:20:37.845Z,Testnet trade,80787.60000000,true,BELOW,aggregate trade ID 2009351
2026-09-30 07:20:37.879Z,Testnet trade,80787.60000000,true,BELOW,aggregate trade ID 2009352
2026-09-30 07:20:37.992Z,Testnet trade,76476.33000000,true,BELOW,aggregate trade ID 2009353
2026-09-30 07:20:38.112Z,Testnet trade,78000.00000000,true,BELOW,aggregate trade ID 2009354
2026-09-30 07:20:38.167Z,Testnet trade,76476.33000000,true,BELOW,aggregate trade ID 2009355
2026-09-30 07:20:38.207Z,Testnet trade,76476.33000000,true,BELOW,aggregate trade ID 2009356
2026-09-30 07:20:38.253Z,Testnet trade,76476.33000000,true,BELOW,aggregate trade ID 2009357
2026-09-30 07:20:38.704Z,Testnet trade,76581.05000000,true,BELOW,aggregate trade ID 2009358
2026-09-30 07:20:38.704Z,Testnet trade,76476.33000000,true,BELOW,aggregate trade ID 2009359
2026-09-30 07:20:38.704Z,Testnet trade,75635.93000000,true,BELOW,aggregate trade ID 2009360
2026-09-30 07:20:38.993Z,Testnet trade,75635.93000000,true,BELOW,aggregate trade ID 2009361
2026-09-30 07:20:38.999Z,Testnet trade,78000.00000000,true,BELOW,aggregate trade ID 2009362
2026-09-30 07:20:39.013Z,Testnet trade,78000.00000000,true,BELOW,aggregate trade ID 2009363
2026-09-30 07:20:39.013Z,Testnet trade,78808.19000000,true,BELOW,aggregate trade ID 2009364
2026-09-30 07:20:39.013Z,Testnet trade,79941.58000000,true,BELOW,aggregate trade ID 2009365
2026-09-30 07:20:39.013Z,Testnet trade,80787.60000000,true,BELOW,aggregate trade ID 2009366
2026-09-30 07:20:39.013Z,Testnet trade,80794.08000000,true,BELOW,aggregate trade ID 2009367
2026-09-30 07:20:39.013Z,Testnet trade,80800.00000000,true,BELOW,aggregate trade ID 2009368
2026-09-30 07:20:39.013Z,Testnet trade,80853.32000000,true,BELOW,aggregate trade ID 2009369
2026-09-30 07:20:39.013Z,Testnet trade,80933.33000000,true,BELOW,aggregate trade ID 2009370
2026-09-30 07:20:39.013Z,Testnet trade,80934.22000000,true,BELOW,aggregate trade ID 2009371
2026-09-30 07:20:39.013Z,Testnet trade,80935.24000000,true,BELOW,aggregate trade ID 2009372
2026-09-30 07:20:39.013Z,Testnet trade,80959.01000000,true,BELOW,aggregate trade ID 2009373
2026-09-30 07:20:39.013Z,Testnet trade,80984.41000000,true,BELOW,aggregate trade ID 2009374
2026-09-30 07:20:39.013Z,Testnet trade,81015.20000000,true,BELOW,aggregate trade ID 2009375
2026-09-30 07:20:39.013Z,Testnet trade,81066.66000000,true,BELOW,aggregate trade ID 2009376
2026-09-30 07:20:39.013Z,Testnet trade,81084.26000000,true,BELOW,aggregate trade ID 2009377
2026-09-30 07:20:39.013Z,Testnet trade,81096.26000000,true,BELOW,aggregate trade ID 2009378
2026-09-30 07:20:39.013Z,Testnet trade,81100.10000000,true,BELOW,aggregate trade ID 2009379
2026-09-30 07:20:39.013Z,Testnet trade,81115.69000000,true,BELOW,aggregate trade ID 2009380
2026-09-30 07:20:39.013Z,Testnet trade,81142.51000000,true,BELOW,aggregate trade ID 2009381
2026-09-30 07:20:39.013Z,Testnet trade,81177.39000000,true,BELOW,aggregate trade ID 2009382
2026-09-30 07:20:39.013Z,Testnet trade,81194.53000000,true,BELOW,aggregate trade ID 2009383
2026-09-30 07:20:39.013Z,Testnet trade,81198.05000000,true,BELOW,aggregate trade ID 2009384
2026-09-30 07:20:39.013Z,Testnet trade,81200.00000000,true,BELOW,aggregate trade ID 2009385
2026-09-30 07:20:39.013Z,Testnet trade,81258.62000000,true,BELOW,aggregate trade ID 2009386
2026-09-30 07:20:39.013Z,Testnet trade,81319.09000000,true,BELOW,aggregate trade ID 2009387
2026-09-30 07:20:39.013Z,Testnet trade,81333.33000000,true,BELOW,aggregate trade ID 2009388
2026-09-30 07:20:39.013Z,Testnet trade,81339.92000000,true,BELOW,aggregate trade ID 2009389
2026-09-30 07:20:39.013Z,Testnet trade,81364.59000000,true,BELOW,aggregate trade ID 2009390
2026-09-30 07:20:39.013Z,Testnet trade,81397.30000000,true,BELOW,aggregate trade ID 2009391
2026-09-30 07:20:39.013Z,Testnet trade,81413.81000000,true,BELOW,aggregate trade ID 2009392
2026-09-30 07:20:39.013Z,Testnet trade,81421.30000000,true,BELOW,aggregate trade ID 2009393
2026-09-30 07:20:39.013Z,Testnet trade,81460.95000000,true,BELOW,aggregate trade ID 2009394
2026-09-30 07:20:39.013Z,Testnet trade,81466.66000000,true,BELOW,aggregate trade ID 2009395
2026-09-30 07:20:39.013Z,Testnet trade,81485.10000000,true,BELOW,aggregate trade ID 2009396
2026-09-30 07:20:39.013Z,Testnet trade,81491.05000000,true,BELOW,aggregate trade ID 2009397
2026-09-30 07:20:39.013Z,Testnet trade,81499.16000000,true,BELOW,aggregate trade ID 2009398
2026-09-30 07:20:39.013Z,Testnet trade,81502.77000000,true,BELOW,aggregate trade ID 2009399
2026-09-30 07:20:39.013Z,Testnet trade,81529.80000000,true,BELOW,aggregate trade ID 2009400
2026-09-30 07:20:39.028Z,Testnet trade,75635.93000000,true,BELOW,aggregate trade ID 2009401
2026-09-30 07:20:39.343Z,Testnet trade,80128.91000000,true,BELOW,aggregate trade ID 2009402
2026-09-30 07:20:39.343Z,Testnet trade,78808.19000000,true,BELOW,aggregate trade ID 2009403
2026-09-30 07:20:39.343Z,Testnet trade,76581.05000000,true,BELOW,aggregate trade ID 2009404
2026-09-30 07:20:39.343Z,Testnet trade,75852.00000000,true,BELOW,aggregate trade ID 2009405
2026-09-30 07:20:39.343Z,Testnet trade,75635.93000000,true,BELOW,aggregate trade ID 2009406
2026-09-30 07:20:39.383Z,Testnet trade,75635.93000000,true,BELOW,aggregate trade ID 2009407
2026-09-30 07:20:39.474Z,Testnet trade,81529.80000000,true,BELOW,aggregate trade ID 2009408
2026-09-30 07:20:39.484Z,Testnet trade,81529.80000000,true,BELOW,aggregate trade ID 2009409
2026-09-30 07:20:39.589Z,Testnet trade,78912.18000000,true,BELOW,aggregate trade ID 2009410
2026-09-30 07:20:39.745Z,Testnet trade,78912.18000000,true,BELOW,aggregate trade ID 2009411
2026-09-30 07:20:39.745Z,Testnet trade,76816.64000000,true,BELOW,aggregate trade ID 2009412
2026-09-30 07:20:39.866Z,Testnet trade,76818.49000000,true,BELOW,aggregate trade ID 2009413
2026-09-30 07:20:39.906Z,Testnet trade,76818.49000000,true,BELOW,aggregate trade ID 2009414
2026-09-30 07:20:39.929Z,Testnet trade,81100.10000000,true,BELOW,aggregate trade ID 2009415
2026-09-30 07:20:39.978Z,Testnet trade,79941.58000000,true,BELOW,aggregate trade ID 2009416
2026-09-30 07:20:39.978Z,Testnet trade,76816.64000000,true,BELOW,aggregate trade ID 2009417
2026-09-30 07:20:39.978Z,Testnet trade,76626.00000000,true,BELOW,aggregate trade ID 2009418
2026-09-30 07:20:39.978Z,Testnet trade,76581.05000000,true,BELOW,aggregate trade ID 2009419
2026-09-30 07:20:39.978Z,Testnet trade,76476.33000000,true,BELOW,aggregate trade ID 2009420
2026-09-30 07:20:40.048Z,Testnet trade,76476.33000000,true,BELOW,aggregate trade ID 2009421
2026-09-30 07:20:40.056Z,Testnet trade,76476.33000000,true,BELOW,aggregate trade ID 2009422
2026-09-30 07:20:40.056Z,Testnet trade,76239.00000000,true,BELOW,aggregate trade ID 2009423
2026-09-30 07:20:40.056Z,Testnet trade,75635.93000000,true,BELOW,aggregate trade ID 2009424
2026-09-30 07:20:40.113Z,Testnet trade,75635.93000000,true,BELOW,aggregate trade ID 2009425
2026-09-30 07:20:40.113Z,Testnet trade,75465.00000000,true,BELOW,aggregate trade ID 2009426
2026-09-30 07:20:40.113Z,Testnet trade,75078.00000000,true,BELOW,aggregate trade ID 2009427
2026-09-30 07:20:40.113Z,Testnet trade,74691.00000000,true,BELOW,aggregate trade ID 2009428
2026-09-30 07:20:40.113Z,Testnet trade,74304.00000000,true,BELOW,aggregate trade ID 2009429
2026-09-30 07:20:40.113Z,Testnet trade,73917.00000000,true,BELOW,aggregate trade ID 2009430
2026-09-30 07:20:40.122Z,Testnet trade,73917.00000000,true,BELOW,aggregate trade ID 2009431
2026-09-30 07:20:40.122Z,Testnet trade,73671.82000000,true,BELOW,aggregate trade ID 2009432
2026-09-30 07:20:40.122Z,Testnet trade,73530.00000000,true,BELOW,aggregate trade ID 2009433
2026-09-30 07:20:40.122Z,Testnet trade,72634.19000000,true,BELOW,aggregate trade ID 2009434
2026-09-30 07:20:40.122Z,Testnet trade,72407.36000000,true,BELOW,aggregate trade ID 2009435
2026-09-30 07:20:40.141Z,Testnet trade,72367.96000000,true,BELOW,aggregate trade ID 2009436
2026-09-30 07:20:40.154Z,Testnet trade,72367.96000000,true,BELOW,aggregate trade ID 2009437
2026-09-30 07:20:40.154Z,Testnet trade,72548.88000000,true,BELOW,aggregate trade ID 2009438
2026-09-30 07:20:40.154Z,Testnet trade,72730.25000000,true,BELOW,aggregate trade ID 2009439
2026-09-30 07:20:40.154Z,Testnet trade,72912.08000000,true,BELOW,aggregate trade ID 2009440
2026-09-30 07:20:40.192Z,Testnet trade,81100.10000000,true,BELOW,aggregate trade ID 2009441
2026-09-30 07:20:40.192Z,Testnet trade,81529.80000000,true,BELOW,aggregate trade ID 2009442
2026-09-30 07:20:40.196Z,Testnet trade,72129.19000000,true,BELOW,aggregate trade ID 2009443
2026-09-30 07:20:40.197Z,Testnet trade,71841.83000000,true,BELOW,aggregate trade ID 2009444
2026-09-30 07:20:40.197Z,Testnet trade,71823.43000000,true,BELOW,aggregate trade ID 2009445
2026-09-30 07:20:40.197Z,Testnet trade,71554.46000000,true,BELOW,aggregate trade ID 2009446
2026-09-30 07:20:40.197Z,Testnet trade,71239.50000000,true,BELOW,aggregate trade ID 2009447
2026-09-30 07:20:40.202Z,Testnet trade,72007.02000000,true,BELOW,aggregate trade ID 2009448
2026-09-30 07:20:40.226Z,Testnet trade,72007.02000000,true,BELOW,aggregate trade ID 2009449
2026-09-30 07:20:40.226Z,Testnet trade,72187.04000000,true,BELOW,aggregate trade ID 2009450
2026-09-30 07:20:40.226Z,Testnet trade,72367.51000000,true,BELOW,aggregate trade ID 2009451
2026-09-30 07:20:40.226Z,Testnet trade,72548.43000000,true,BELOW,aggregate trade ID 2009452
2026-09-30 07:20:40.260Z,Testnet trade,72110.00000000,true,BELOW,aggregate trade ID 2009453
2026-09-30 07:20:40.271Z,Testnet trade,78808.19000000,true,BELOW,aggregate trade ID 2009454
2026-09-30 07:20:40.280Z,Testnet trade,71827.00000000,true,BELOW,aggregate trade ID 2009455
2026-09-30 07:20:40.280Z,Testnet trade,72006.57000000,true,BELOW,aggregate trade ID 2009456
2026-09-30 07:20:40.294Z,Testnet trade,72006.57000000,true,BELOW,aggregate trade ID 2009457
2026-09-30 07:20:40.294Z,Testnet trade,72186.59000000,true,BELOW,aggregate trade ID 2009458
2026-09-30 07:20:40.294Z,Testnet trade,72367.06000000,true,BELOW,aggregate trade ID 2009459
2026-09-30 07:20:40.331Z,Testnet trade,76336.61000000,true,BELOW,aggregate trade ID 2009460
2026-09-30 07:20:40.331Z,Testnet trade,76718.77000000,true,BELOW,aggregate trade ID 2009461
2026-09-30 07:20:40.349Z,Testnet trade,81529.80000000,true,BELOW,aggregate trade ID 2009462
2026-09-30 07:20:40.373Z,Testnet trade,78600.00000000,true,BELOW,aggregate trade ID 2009463
2026-09-30 07:20:40.388Z,Testnet trade,81529.80000000,true,BELOW,aggregate trade ID 2009464
2026-09-30 07:20:40.431Z,Testnet trade,75577.52000000,true,BELOW,aggregate trade ID 2009465
2026-09-30 07:20:40.436Z,Testnet trade,75956.36000000,true,BELOW,aggregate trade ID 2009466
2026-09-30 07:20:40.449Z,Testnet trade,75956.36000000,true,BELOW,aggregate trade ID 2009467
2026-09-30 07:20:40.517Z,Testnet trade,75216.28000000,true,BELOW,aggregate trade ID 2009468
2026-09-30 07:20:40.529Z,Testnet trade,75216.28000000,true,BELOW,aggregate trade ID 2009469
2026-09-30 07:20:40.538Z,Testnet trade,75216.28000000,true,BELOW,aggregate trade ID 2009470
2026-09-30 07:20:40.609Z,Testnet trade,72014.34000000,true,BELOW,aggregate trade ID 2009471
2026-09-30 07:20:40.669Z,Testnet trade,71392.40000000,true,BELOW,aggregate trade ID 2009472
2026-09-30 07:20:40.669Z,Testnet trade,71239.50000000,true,BELOW,aggregate trade ID 2009473
2026-09-30 07:20:40.669Z,Testnet trade,70655.57000000,true,BELOW,aggregate trade ID 2009474
2026-09-30 07:20:40.669Z,Testnet trade,70558.93000000,true,BELOW,aggregate trade ID 2009475
2026-09-30 07:20:40.669Z,Testnet trade,70270.21000000,true,BELOW,aggregate trade ID 2009476
2026-09-30 07:20:40.669Z,Testnet trade,70120.04000000,true,BELOW,aggregate trade ID 2009477
2026-09-30 07:20:40.699Z,Testnet trade,72014.34000000,true,BELOW,aggregate trade ID 2009478
2026-09-30 07:20:40.711Z,Testnet trade,72014.34000000,true,BELOW,aggregate trade ID 2009479
2026-09-30 07:20:40.711Z,Testnet trade,72586.67000000,true,BELOW,aggregate trade ID 2009480
2026-09-30 07:20:40.728Z,Testnet trade,72586.67000000,true,BELOW,aggregate trade ID 2009481
2026-09-30 07:20:40.768Z,Testnet trade,72586.67000000,true,BELOW,aggregate trade ID 2009482
2026-09-30 07:20:40.772Z,Testnet trade,74013.54000000,true,BELOW,aggregate trade ID 2009483
2026-09-30 07:20:40.772Z,Testnet trade,76276.41000000,true,BELOW,aggregate trade ID 2009484
2026-09-30 07:20:40.772Z,Testnet trade,78808.19000000,true,BELOW,aggregate trade ID 2009485
2026-09-30 07:20:40.772Z,Testnet trade,81529.80000000,true,BELOW,aggregate trade ID 2009486
2026-09-30 07:20:40.772Z,Testnet trade,81552.33000000,true,BELOW,aggregate trade ID 2009487
2026-09-30 07:20:40.772Z,Testnet trade,81584.31000000,true,BELOW,aggregate trade ID 2009488
2026-09-30 07:20:40.772Z,Testnet trade,81590.85000000,true,BELOW,aggregate trade ID 2009489
2026-09-30 07:20:40.772Z,Testnet trade,81600.00000000,true,BELOW,aggregate trade ID 2009490
2026-09-30 07:20:40.772Z,Testnet trade,81604.04000000,true,BELOW,aggregate trade ID 2009491
2026-09-30 07:20:40.772Z,Testnet trade,81642.94000000,true,BELOW,aggregate trade ID 2009492
2026-09-30 07:20:40.772Z,Testnet trade,81665.94000000,true,BELOW,aggregate trade ID 2009493
2026-09-30 07:20:40.772Z,Testnet trade,81732.87000000,true,BELOW,aggregate trade ID 2009494
2026-09-30 07:20:40.772Z,Testnet trade,81747.65000000,true,BELOW,aggregate trade ID 2009495
2026-09-30 07:20:40.772Z,Testnet trade,81773.64000000,true,BELOW,aggregate trade ID 2009496
2026-09-30 07:20:40.772Z,Testnet trade,81780.01000000,true,BELOW,aggregate trade ID 2009497
2026-09-30 07:20:40.772Z,Testnet trade,81829.44000000,true,BELOW,aggregate trade ID 2009498
2026-09-30 07:20:40.772Z,Testnet trade,81839.39000000,true,BELOW,aggregate trade ID 2009499
2026-09-30 07:20:40.772Z,Testnet trade,81865.40000000,true,BELOW,aggregate trade ID 2009500
2026-09-30 07:20:40.772Z,Testnet trade,81890.81000000,true,BELOW,aggregate trade ID 2009501
2026-09-30 07:20:40.772Z,Testnet trade,81901.08000000,true,BELOW,aggregate trade ID 2009502
2026-09-30 07:20:40.772Z,Testnet trade,81911.31000000,true,BELOW,aggregate trade ID 2009503
2026-09-30 07:20:40.772Z,Testnet trade,81927.43000000,true,BELOW,aggregate trade ID 2009504
2026-09-30 07:20:40.772Z,Testnet trade,81935.29000000,true,BELOW,aggregate trade ID 2009505
2026-09-30 07:20:40.772Z,Testnet trade,81972.87000000,false,RECOVERY,aggregate trade ID 2009506
2026-09-30 07:20:40.772Z,Testnet trade,81990.83000000,false,ABOVE,aggregate trade ID 2009507
2026-09-30 07:20:40.772Z,Testnet trade,81993.27000000,false,ABOVE,aggregate trade ID 2009508
2026-09-30 07:20:40.772Z,Testnet trade,82012.06000000,false,ABOVE,aggregate trade ID 2009509
2026-09-30 07:20:40.772Z,Testnet trade,82040.84000000,false,ABOVE,aggregate trade ID 2009510
2026-09-30 07:20:40.772Z,Testnet trade,82075.31000000,false,ABOVE,aggregate trade ID 2009511
2026-09-30 07:20:40.772Z,Testnet trade,82157.43000000,false,ABOVE,aggregate trade ID 2009512
2026-09-30 07:20:40.772Z,Testnet trade,82181.96000000,false,ABOVE,aggregate trade ID 2009513
2026-09-30 07:20:40.772Z,Testnet trade,82184.36000000,false,ABOVE,aggregate trade ID 2009514
2026-09-30 07:20:40.772Z,Testnet trade,82192.79000000,false,ABOVE,aggregate trade ID 2009515
2026-09-30 07:20:40.772Z,Testnet trade,82208.73000000,false,ABOVE,aggregate trade ID 2009516
2026-09-30 07:20:40.772Z,Testnet trade,82273.33000000,false,ABOVE,aggregate trade ID 2009517
2026-09-30 07:20:40.772Z,Testnet trade,82314.34000000,false,ABOVE,aggregate trade ID 2009518
2026-09-30 07:20:40.772Z,Testnet trade,82315.31000000,false,ABOVE,aggregate trade ID 2009519
2026-09-30 07:20:40.772Z,Testnet trade,82322.29000000,false,ABOVE,aggregate trade ID 2009520
2026-09-30 07:20:40.772Z,Testnet trade,82333.90000000,false,ABOVE,aggregate trade ID 2009521
2026-09-30 07:20:40.772Z,Testnet trade,82335.62000000,false,ABOVE,aggregate trade ID 2009522
2026-09-30 07:20:40.772Z,Testnet trade,82354.75000000,false,ABOVE,aggregate trade ID 2009523
2026-09-30 07:20:40.772Z,Testnet trade,82422.12000000,false,ABOVE,aggregate trade ID 2009524
2026-09-30 07:20:40.772Z,Testnet trade,82444.44000000,false,ABOVE,aggregate trade ID 2009525
2026-09-30 07:20:40.772Z,Testnet trade,82451.88000000,false,ABOVE,aggregate trade ID 2009526
2026-09-30 07:20:40.772Z,Testnet trade,82456.83000000,false,ABOVE,aggregate trade ID 2009527
2026-09-30 07:20:40.772Z,Testnet trade,82486.44000000,false,ABOVE,aggregate trade ID 2009528
2026-09-30 07:20:40.772Z,Testnet trade,82537.37000000,false,ABOVE,aggregate trade ID 2009529
2026-09-30 07:20:40.772Z,Testnet trade,82570.21000000,false,ABOVE,aggregate trade ID 2009530
2026-09-30 07:20:40.772Z,Testnet trade,82577.74000000,false,ABOVE,aggregate trade ID 2009531
2026-09-30 07:20:40.772Z,Testnet trade,82587.79000000,false,ABOVE,aggregate trade ID 2009532
2026-09-30 07:20:40.772Z,Testnet trade,82601.56000000,false,ABOVE,aggregate trade ID 2009533
2026-09-30 07:20:40.772Z,Testnet trade,82650.56000000,false,ABOVE,aggregate trade ID 2009534
2026-09-30 07:20:40.772Z,Testnet trade,82672.61000000,false,ABOVE,aggregate trade ID 2009535
2026-09-30 07:20:40.772Z,Testnet trade,82677.36000000,false,ABOVE,aggregate trade ID 2009536
2026-09-30 07:20:40.772Z,Testnet trade,82708.99000000,false,ABOVE,aggregate trade ID 2009537
2026-09-30 07:20:40.772Z,Testnet trade,82710.23000000,false,ABOVE,aggregate trade ID 2009538
2026-09-30 07:20:40.772Z,Testnet trade,82756.42000000,false,ABOVE,aggregate trade ID 2009539
2026-09-30 07:20:40.772Z,Testnet trade,82819.85000000,false,ABOVE,aggregate trade ID 2009540
2026-09-30 07:20:40.772Z,Testnet trade,82841.21000000,false,ABOVE,aggregate trade ID 2009541
2026-09-30 07:20:40.772Z,Testnet trade,82842.71000000,false,ABOVE,aggregate trade ID 2009542
2026-09-30 07:20:40.772Z,Testnet trade,82907.23000000,false,ABOVE,aggregate trade ID 2009543
2026-09-30 07:20:40.772Z,Testnet trade,82928.21000000,false,ABOVE,aggregate trade ID 2009544
2026-09-30 07:20:40.772Z,Testnet trade,82981.36000000,false,ABOVE,aggregate trade ID 2009545
2026-09-30 07:20:40.772Z,Testnet trade,83000.02000000,false,ABOVE,aggregate trade ID 2009546
2026-09-30 07:20:40.772Z,Testnet trade,83010.50000000,false,ABOVE,aggregate trade ID 2009547
2026-09-30 07:20:40.772Z,Testnet trade,83061.97000000,false,ABOVE,aggregate trade ID 2009548
2026-09-30 07:20:40.772Z,Testnet trade,83067.56000000,false,ABOVE,aggregate trade ID 2009549
2026-09-30 07:20:40.772Z,Testnet trade,83111.06000000,false,ABOVE,aggregate trade ID 2009550
2026-09-30 07:20:40.772Z,Testnet trade,83126.17000000,false,ABOVE,aggregate trade ID 2009551
2026-09-30 07:20:40.772Z,Testnet trade,83149.60000000,false,ABOVE,aggregate trade ID 2009552
2026-09-30 07:20:40.772Z,Testnet trade,83182.71000000,false,ABOVE,aggregate trade ID 2009553
2026-09-30 07:20:40.772Z,Testnet trade,83190.15000000,false,ABOVE,aggregate trade ID 2009554
2026-09-30 07:20:40.772Z,Testnet trade,83200.29000000,false,ABOVE,aggregate trade ID 2009555
2026-09-30 07:20:40.772Z,Testnet trade,83220.39000000,false,ABOVE,aggregate trade ID 2009556
2026-09-30 07:20:40.772Z,Testnet trade,83222.24000000,false,ABOVE,aggregate trade ID 2009557
2026-09-30 07:20:40.772Z,Testnet trade,83239.30000000,false,ABOVE,aggregate trade ID 2009558
2026-09-30 07:20:40.772Z,Testnet trade,83240.87000000,false,ABOVE,aggregate trade ID 2009559
2026-09-30 07:20:40.772Z,Testnet trade,83244.25000000,false,ABOVE,aggregate trade ID 2009560
2026-09-30 07:20:40.772Z,Testnet trade,83251.06000000,false,ABOVE,aggregate trade ID 2009561
2026-09-30 07:20:40.772Z,Testnet trade,83261.01000000,false,ABOVE,aggregate trade ID 2009562
2026-09-30 07:20:40.784Z,Testnet trade,83261.00000000,false,ABOVE,aggregate trade ID 2009563
2026-09-30 07:20:40.917Z,Testnet trade,83261.00000000,false,ABOVE,aggregate trade ID 2009564
2026-09-30 07:20:41.016Z,Testnet trade,83261.02000000,false,ABOVE,aggregate trade ID 2009565
2026-09-30 07:20:41.144Z,Testnet trade,83261.00000000,false,ABOVE,aggregate trade ID 2009566
2026-09-30 07:20:41.347Z,Testnet trade,83261.00000000,false,ABOVE,aggregate trade ID 2009567
2026-09-30 07:20:41.400Z,Testnet trade,83260.99000000,false,ABOVE,aggregate trade ID 2009568
2026-09-30 07:20:41.400Z,Testnet trade,83260.02000000,false,ABOVE,aggregate trade ID 2009569
2026-09-30 07:20:41.407Z,Testnet trade,83260.02000000,false,ABOVE,aggregate trade ID 2009570
2026-09-30 07:20:41.407Z,Testnet trade,83260.01000000,false,ABOVE,aggregate trade ID 2009571
2026-09-30 07:20:41.411Z,Testnet trade,83260.01000000,false,ABOVE,aggregate trade ID 2009572
2026-09-30 07:20:41.447Z,Testnet trade,83260.01000000,false,ABOVE,aggregate trade ID 2009573
2026-09-30 07:20:41.543Z,Testnet trade,83260.01000000,false,ABOVE,aggregate trade ID 2009574
2026-09-30 07:20:41.587Z,Testnet trade,83261.02000000,false,ABOVE,aggregate trade ID 2009575
2026-09-30 07:20:41.637Z,Testnet trade,83260.01000000,false,ABOVE,aggregate trade ID 2009576
2026-09-30 07:20:41.689Z,Testnet trade,83260.01000000,false,ABOVE,aggregate trade ID 2009577
2026-09-30 07:20:41.691Z,Testnet trade,83260.01000000,false,ABOVE,aggregate trade ID 2009578
2026-09-30 07:20:41.741Z,Testnet trade,83260.01000000,false,ABOVE,aggregate trade ID 2009579
2026-09-30 07:20:41.783Z,Testnet trade,83260.01000000,false,ABOVE,aggregate trade ID 2009580
2026-09-30 07:20:41.820Z,Testnet trade,83260.01000000,false,ABOVE,aggregate trade ID 2009581
2026-09-30 07:20:41.835Z,Testnet trade,83260.01000000,false,ABOVE,aggregate trade ID 2009582
2026-09-30 07:20:41.863Z,Testnet trade,83261.02000000,false,ABOVE,aggregate trade ID 2009583
2026-09-30 07:20:41.871Z,Testnet trade,83260.01000000,false,ABOVE,aggregate trade ID 2009584
2026-09-30 07:20:41.877Z,Testnet trade,83260.01000000,false,ABOVE,aggregate trade ID 2009585
2026-09-30 07:20:41.920Z,Testnet trade,83260.01000000,false,ABOVE,aggregate trade ID 2009586
2026-09-30 07:20:41.964Z,Testnet trade,83260.01000000,false,ABOVE,aggregate trade ID 2009587
2026-09-30 07:20:41.970Z,Testnet trade,83260.01000000,false,ABOVE,aggregate trade ID 2009588
2026-09-30 07:20:42.147Z,Testnet trade,83260.01000000,false,ABOVE,aggregate trade ID 2009589
2026-09-30 07:20:42.220Z,Testnet trade,83261.02000000,false,ABOVE,aggregate trade ID 2009590
2026-09-30 07:20:42.356Z,Testnet trade,83260.01000000,false,ABOVE,aggregate trade ID 2009591
2026-09-30 07:20:42.414Z,Testnet trade,83260.01000000,false,ABOVE,aggregate trade ID 2009592
2026-09-30 07:20:42.430Z,Testnet trade,83260.01000000,false,ABOVE,aggregate trade ID 2009593
2026-09-30 07:20:42.609Z,Testnet trade,83260.01000000,false,ABOVE,aggregate trade ID 2009594
2026-09-30 07:20:42.707Z,Testnet trade,83260.01000000,false,ABOVE,aggregate trade ID 2009595
2026-09-30 07:20:42.863Z,Testnet trade,83260.01000000,false,ABOVE,aggregate trade ID 2009596
2026-09-30 07:20:42.863Z,Testnet trade,83260.01000000,false,ABOVE,aggregate trade ID 2009597
2026-09-30 07:20:42.866Z,Testnet trade,83261.02000000,false,ABOVE,aggregate trade ID 2009598
2026-09-30 07:20:42.986Z,Testnet trade,83260.01000000,false,ABOVE,aggregate trade ID 2009599
2026-09-30 07:20:43.028Z,Testnet trade,83261.02000000,false,ABOVE,aggregate trade ID 2009600
2026-09-30 07:20:43.126Z,Testnet trade,83260.01000000,false,ABOVE,aggregate trade ID 2009601
2026-09-30 07:20:43.141Z,Testnet trade,83260.01000000,false,ABOVE,aggregate trade ID 2009602
2026-09-30 07:20:43.270Z,Testnet trade,83260.01000000,false,ABOVE,aggregate trade ID 2009603
2026-09-30 07:20:43.335Z,Testnet trade,83260.01000000,false,ABOVE,aggregate trade ID 2009604
2026-09-30 07:20:43.366Z,Testnet trade,83260.01000000,false,ABOVE,aggregate trade ID 2009605
2026-09-30 07:20:43.555Z,Testnet trade,83260.01000000,false,ABOVE,aggregate trade ID 2009606
2026-09-30 07:20:43.569Z,Testnet trade,83260.01000000,false,ABOVE,aggregate trade ID 2009607
2026-09-30 07:20:43.617Z,Testnet trade,83261.02000000,false,ABOVE,aggregate trade ID 2009608
2026-09-30 07:20:43.833Z,Testnet trade,83260.01000000,false,ABOVE,aggregate trade ID 2009609
2026-09-30 07:20:43.870Z,Testnet trade,83260.01000000,false,ABOVE,aggregate trade ID 2009610
2026-09-30 07:20:44.115Z,Testnet trade,83260.01000000,false,ABOVE,aggregate trade ID 2009611
2026-09-30 07:20:44.121Z,Testnet trade,83260.01000000,false,ABOVE,aggregate trade ID 2009612
2026-09-30 07:20:44.126Z,Testnet trade,83260.01000000,false,ABOVE,aggregate trade ID 2009613
2026-09-30 07:20:44.126Z,Testnet trade,83260.01000000,false,ABOVE,aggregate trade ID 2009614
2026-09-30 07:20:44.126Z,Testnet trade,83260.01000000,false,ABOVE,aggregate trade ID 2009615
2026-09-30 07:20:44.195Z,Testnet trade,83261.02000000,false,ABOVE,aggregate trade ID 2009616
2026-09-30 07:20:44.371Z,Testnet trade,83260.01000000,false,ABOVE,aggregate trade ID 2009617
2026-09-30 07:20:44.390Z,Testnet trade,83260.01000000,false,ABOVE,aggregate trade ID 2009618
2026-09-30 07:20:44.395Z,Testnet trade,83260.01000000,false,ABOVE,aggregate trade ID 2009619
2026-09-30 07:20:44.396Z,Testnet trade,83260.01000000,false,ABOVE,aggregate trade ID 2009620
2026-09-30 07:20:44.413Z,Testnet trade,83260.01000000,false,ABOVE,aggregate trade ID 2009621
2026-09-30 07:20:44.622Z,Testnet trade,83260.01000000,false,ABOVE,aggregate trade ID 2009622
2026-09-30 07:20:44.658Z,Testnet trade,83261.02000000,false,ABOVE,aggregate trade ID 2009623
2026-09-30 07:20:44.664Z,Testnet trade,83260.01000000,false,ABOVE,aggregate trade ID 2009624
2026-09-30 07:20:44.679Z,Testnet trade,83260.01000000,false,ABOVE,aggregate trade ID 2009625
2026-09-30 07:20:44.679Z,Testnet trade,83260.01000000,false,ABOVE,aggregate trade ID 2009626
2026-09-30 07:20:44.698Z,Testnet trade,83260.01000000,false,ABOVE,aggregate trade ID 2009627
2026-09-30 07:20:44.889Z,Testnet trade,83260.01000000,false,ABOVE,aggregate trade ID 2009628
2026-09-30 07:20:44.927Z,Testnet trade,83260.01000000,false,ABOVE,aggregate trade ID 2009629
2026-09-30 07:20:44.948Z,Testnet trade,83261.02000000,false,ABOVE,aggregate trade ID 2009630
2026-09-30 07:20:44.949Z,Testnet trade,83260.01000000,false,ABOVE,aggregate trade ID 2009631
2026-09-30 07:20:44.973Z,Testnet trade,83261.02000000,false,ABOVE,aggregate trade ID 2009632
2026-09-30 07:20:45.123Z,Testnet trade,83261.02000000,false,ABOVE,aggregate trade ID 2009633
2026-09-30 07:20:45.247Z,Testnet trade,83260.01000000,false,ABOVE,aggregate trade ID 2009634
2026-09-30 07:20:45.252Z,Testnet trade,83260.01000000,false,ABOVE,aggregate trade ID 2009635
2026-09-30 07:20:45.369Z,Testnet trade,83260.01000000,false,ABOVE,aggregate trade ID 2009636
2026-09-30 07:20:45.530Z,Testnet trade,83261.02000000,false,ABOVE,aggregate trade ID 2009637
2026-09-30 07:20:45.669Z,Testnet trade,83260.01000000,false,ABOVE,aggregate trade ID 2009638
2026-09-30 07:20:45.675Z,Testnet trade,83260.01000000,false,ABOVE,aggregate trade ID 2009639
2026-09-30 07:20:45.681Z,Testnet trade,83260.01000000,false,ABOVE,aggregate trade ID 2009640
2026-09-30 07:20:45.716Z,Testnet trade,83261.02000000,false,ABOVE,aggregate trade ID 2009641
2026-09-30 07:20:45.740Z,Testnet trade,83260.01000000,false,ABOVE,aggregate trade ID 2009642
2026-09-30 07:20:45.968Z,Testnet trade,83260.01000000,false,ABOVE,aggregate trade ID 2009643
2026-09-30 07:20:46.205Z,Testnet trade,83260.01000000,false,ABOVE,aggregate trade ID 2009644
2026-09-30 07:20:46.737Z,Testnet trade,83260.01000000,false,ABOVE,aggregate trade ID 2009645
2026-09-30 07:20:46.884Z,Testnet trade,83260.01000000,false,ABOVE,aggregate trade ID 2009646
2026-09-30 07:20:47.269Z,Testnet trade,83260.01000000,false,ABOVE,aggregate trade ID 2009647
2026-09-30 07:20:47.800Z,Testnet trade,83260.01000000,false,ABOVE,aggregate trade ID 2009648
2026-09-30 07:20:47.837Z,Testnet trade,83261.02000000,false,ABOVE,aggregate trade ID 2009649
2026-09-30 07:20:49.536Z,Testnet trade,83260.01000000,false,ABOVE,aggregate trade ID 2009650
2026-09-30 07:20:49.801Z,Testnet trade,83260.01000000,false,ABOVE,aggregate trade ID 2009651
2026-09-30 07:20:49.931Z,Testnet trade,83260.01000000,false,ABOVE,aggregate trade ID 2009652
2026-09-30 07:20:49.938Z,Testnet trade,83260.01000000,false,ABOVE,aggregate trade ID 2009653
2026-09-30 07:20:50.092Z,Testnet trade,83260.01000000,false,ABOVE,aggregate trade ID 2009654
2026-09-30 07:20:50.099Z,Testnet trade,83260.01000000,false,ABOVE,aggregate trade ID 2009655
2026-09-30 07:20:50.107Z,Testnet trade,83260.01000000,false,ABOVE,aggregate trade ID 2009656
2026-09-30 07:20:50.151Z,Testnet trade,83260.01000000,false,ABOVE,aggregate trade ID 2009657
2026-09-30 07:20:50.210Z,Testnet trade,83261.02000000,false,ABOVE,aggregate trade ID 2009658
2026-09-30 07:20:50.392Z,Testnet trade,83260.01000000,false,ABOVE,aggregate trade ID 2009659
2026-09-30 07:20:51.236Z,Testnet trade,83260.01000000,false,ABOVE,aggregate trade ID 2009660
2026-09-30 07:20:51.394Z,Testnet trade,83260.01000000,false,ABOVE,aggregate trade ID 2009661
2026-09-30 07:20:51.394Z,Testnet trade,83260.01000000,false,ABOVE,aggregate trade ID 2009662
2026-09-30 07:20:51.395Z,Testnet trade,83260.01000000,false,ABOVE,aggregate trade ID 2009663
2026-09-30 07:20:51.395Z,Testnet trade,83260.01000000,false,ABOVE,aggregate trade ID 2009664
2026-09-30 07:20:51.396Z,Testnet trade,83260.01000000,false,ABOVE,aggregate trade ID 2009665
2026-09-30 07:20:51.427Z,Testnet trade,83261.02000000,false,ABOVE,aggregate trade ID 2009666
2026-09-30 07:20:51.664Z,Testnet trade,83260.01000000,false,ABOVE,aggregate trade ID 2009667
2026-09-30 07:20:51.681Z,Testnet trade,83260.01000000,false,ABOVE,aggregate trade ID 2009668
2026-09-30 07:20:51.681Z,Testnet trade,83260.01000000,false,ABOVE,aggregate trade ID 2009669
2026-09-30 07:20:51.681Z,Testnet trade,83260.01000000,false,ABOVE,aggregate trade ID 2009670
2026-09-30 07:20:51.694Z,Testnet trade,83260.01000000,false,ABOVE,aggregate trade ID 2009671
2026-09-30 07:20:51.711Z,Testnet trade,83260.01000000,false,ABOVE,aggregate trade ID 2009672
2026-09-30 07:20:51.885Z,Testnet trade,83260.01000000,false,ABOVE,aggregate trade ID 2009673
2026-09-30 07:20:51.933Z,Testnet trade,83260.01000000,false,ABOVE,aggregate trade ID 2009674
2026-09-30 07:20:51.933Z,Testnet trade,83260.01000000,false,ABOVE,aggregate trade ID 2009675
2026-09-30 07:20:52.182Z,Testnet trade,83260.01000000,false,ABOVE,aggregate trade ID 2009676
2026-09-30 07:20:52.285Z,Testnet trade,83260.01000000,false,ABOVE,aggregate trade ID 2009677
2026-09-30 07:20:52.854Z,Testnet trade,83260.01000000,false,ABOVE,aggregate trade ID 2009678
2026-09-30 07:20:53.752Z,Testnet trade,83261.02000000,false,ABOVE,aggregate trade ID 2009679
2026-09-30 07:20:54.545Z,Testnet trade,83260.01000000,false,ABOVE,aggregate trade ID 2009680
2026-09-30 07:20:54.545Z,Testnet trade,83260.00000000,false,ABOVE,aggregate trade ID 2009681
2026-09-30 07:20:54.545Z,Testnet trade,83259.99000000,false,ABOVE,aggregate trade ID 2009682
2026-09-30 07:20:54.545Z,Testnet trade,83259.76000000,false,ABOVE,aggregate trade ID 2009683
2026-09-30 07:20:54.545Z,Testnet trade,83259.42000000,false,ABOVE,aggregate trade ID 2009684
2026-09-30 07:20:54.545Z,Testnet trade,83259.35000000,false,ABOVE,aggregate trade ID 2009685
2026-09-30 07:20:54.545Z,Testnet trade,83259.34000000,false,ABOVE,aggregate trade ID 2009686
2026-09-30 07:20:54.939Z,Testnet trade,83259.34000000,false,ABOVE,aggregate trade ID 2009687
2026-09-30 07:20:55.899Z,Testnet trade,83259.34000000,false,ABOVE,aggregate trade ID 2009688
2026-09-30 07:20:56.780Z,Testnet trade,83259.34000000,false,ABOVE,aggregate trade ID 2009689
2026-09-30 07:20:56.838Z,Testnet trade,83259.34000000,false,ABOVE,aggregate trade ID 2009690
2026-09-30 07:20:56.980Z,Testnet trade,83259.34000000,false,ABOVE,aggregate trade ID 2009691
2026-09-30 07:20:57.260Z,Testnet trade,83259.34000000,false,ABOVE,aggregate trade ID 2009692
2026-09-30 07:20:57.317Z,Testnet trade,83259.34000000,false,ABOVE,aggregate trade ID 2009693
2026-09-30 07:20:57.540Z,Testnet trade,83259.34000000,false,ABOVE,aggregate trade ID 2009694
2026-09-30 07:20:57.581Z,Testnet trade,83259.34000000,false,ABOVE,aggregate trade ID 2009695
2026-09-30 07:20:58.042Z,Testnet trade,83259.19000000,false,ABOVE,aggregate trade ID 2009696
2026-09-30 07:20:58.073Z,Testnet trade,83246.88000000,false,ABOVE,aggregate trade ID 2009697
2026-09-30 07:20:58.162Z,Testnet trade,83246.87000000,false,ABOVE,aggregate trade ID 2009698
2026-09-30 07:20:58.890Z,Testnet trade,83246.88000000,false,ABOVE,aggregate trade ID 2009699
2026-09-30 07:20:59.358Z,Testnet trade,83246.88000000,false,ABOVE,aggregate trade ID 2009700
2026-09-30 07:20:59.378Z,Testnet trade,83246.88000000,false,ABOVE,aggregate trade ID 2009701
2026-09-30 07:20:59.703Z,Testnet trade,83246.87000000,false,ABOVE,aggregate trade ID 2009702
2026-09-30 07:20:59.800Z,Testnet trade,83246.87000000,false,ABOVE,aggregate trade ID 2009703
2026-09-30 07:20:59.826Z,Testnet trade,83246.88000000,false,ABOVE,aggregate trade ID 2009704
